2015,E02000608,0.344861941483
2015,E02000210,0.0884698683657
2015,E02000217,0.0884698683657
2015,E02000216,0.344861941483
2015,E02000215,0.344861941483
2015,E02000214,0.344861941483
2015,E02000132,0.483776418063
2015,E02000133,-1.60741874473
2015,E02000130,0.344861941483
2015,E02000131,0.749870715892
2015,E02000136,-1.60741874473
2015,E02000137,0.344861941483
2015,E02000134,0.0884698683657
2015,E02000135,0.344861941483
2015,E02000525,-1.60741874473
2015,E02000524,-1.60741874473
2015,E02000138,0.0884698683657
2015,E02000139,-1.60741874473
2015,E02000521,0.344861941483
2015,E02000520,0.344861941483
2015,E02000523,0.0884698683657
2015,E02000522,-1.60741874473
2015,E02000193,1.16742634001
2015,E02000194,0.344861941483
2015,E02000195,0.344861941483
2015,E02000196,0.483776418063
2015,E02000480,-1.60741874473
2015,E02000197,0.647892352159
2015,E02000198,0.0884698683657
2015,E02000368,1.12672504322
2015,E02000199,0.0884698683657
2015,E02000770,0.0884698683657
2015,E02000245,-1.60741874473
2015,E02000581,0.926113175736
2015,E02000738,0.0884698683657
2015,E02000739,0.647892352159
2015,E02000580,1.1598598715
2015,E02000730,-1.60741874473
2015,E02000731,0.0884698683657
2015,E02000732,-1.60741874473
2015,E02000733,0.647892352159
2015,E02000734,0.0884698683657
2015,E02000735,0.0884698683657
2015,E02000736,-1.60741874473
2015,E02000737,-1.60741874473
2015,E02000226,0.0884698683657
2015,E02000227,0.0884698683657
2015,E02000224,-1.60741874473
2015,E02000225,-1.60741874473
2015,E02000222,0.0884698683657
2015,E02000223,-1.60741874473
2015,E02000637,0.90409818063
2015,E02000636,0.879915445789
2015,E02000187,1.04097506196
2015,E02000186,0.879915445789
2015,E02000185,0.90409818063
2015,E02000184,1.10812074096
2015,E02000183,0.964933945338
2015,E02000182,0.853119616183
2015,E02000181,0.879915445789
2015,E02000180,1.02760691082
2015,E02000859,0.0884698683657
2015,E02000858,0.344861941483
2015,E02000912,0.483776418063
2015,E02000913,0.344861941483
2015,E02000914,0.344861941483
2015,E02000915,0.344861941483
2015,E02000916,0.577634676086
2015,E02000917,0.647892352159
2015,E02000918,0.749870715892
2015,E02000919,0.823116296232
2015,E02000853,-1.60741874473
2015,E02000852,0.483776418063
2015,E02000855,0.0884698683657
2015,E02000854,0.0884698683657
2015,E02000857,0.0884698683657
2015,E02000779,-1.60741874473
2015,E02000849,0.344861941483
2015,E02000960,0.0884698683657
2015,E02000455,-1.60741874473
2015,E02000454,0.344861941483
2015,E02000358,1.19533614775
2015,E02000359,1.01342793884
2015,E02000451,0.0884698683657
2015,E02000829,0.703724238499
2015,E02000453,-1.60741874473
2015,E02000452,0.0884698683657
2015,E02000824,0.703724238499
2015,E02000825,0.483776418063
2015,E02000826,0.749870715892
2015,E02000351,1.02760691082
2015,E02000356,1.0769962938
2015,E02000357,0.749870715892
2015,E02000354,0.946302404976
2015,E02000355,1.09821131477
2015,E02000644,0.703724238499
2015,E02000841,-1.60741874473
2015,E02000645,0.577634676086
2015,E02000846,-1.60741874473
2015,E02000646,0.749870715892
2015,E02000847,-1.60741874473
2015,E02000647,0.577634676086
2015,E02000640,0.0884698683657
2015,E02000528,0.647892352159
2015,E02000539,0.0884698683657
2015,E02000642,0.853119616183
2015,E02000285,0.0884698683657
2015,E02000643,0.946302404976
2015,E02000169,0.703724238499
2015,E02000168,0.982221690833
2015,E02000526,0.483776418063
2015,E02000648,0.483776418063
2015,E02000283,-1.60741874473
2015,E02000817,0.0884698683657
2015,E02000649,0.853119616183
2015,E02000799,0.344861941483
2015,E02000178,0.647892352159
2015,E02000179,0.749870715892
2015,E02000176,0.926113175736
2015,E02000177,0.749870715892
2015,E02000174,0.99833893
2015,E02000175,0.926113175736
2015,E02000172,0.853119616183
2015,E02000173,0.926113175736
2015,E02000170,0.703724238499
2015,E02000171,0.703724238499
2015,E02000077,-1.60741874473
2015,E02000075,-1.60741874473
2015,E02000074,-1.60741874473
2015,E02000073,-1.60741874473
2015,E02000072,-1.60741874473
2015,E02000071,-1.60741874473
2015,E02000070,0.0884698683657
2015,E02000161,0.344861941483
2015,E02000079,-1.60741874473
2015,E02000289,-1.60741874473
2015,E02000557,0.946302404976
2015,E02000230,0.0884698683657
2015,E02000042,-1.60741874473
2015,E02000043,-1.60741874473
2015,E02006853,1.06560292256
2015,E02000819,0.483776418063
2015,E02000820,0.964933945338
2015,E02000818,0.853119616183
2015,E02000041,0.0884698683657
2015,E02000389,0.879915445789
2015,E02000388,1.05361645712
2015,E02000385,0.90409818063
2015,E02000384,0.749870715892
2015,E02000387,0.749870715892
2015,E02000386,0.90409818063
2015,E02000381,0.647892352159
2015,E02000380,0.879915445789
2015,E02000383,0.982221690833
2015,E02000382,0.823116296232
2015,E02000774,-1.60741874473
2015,E02000776,0.0884698683657
2015,E02000777,0.483776418063
2015,E02000679,0.344861941483
2015,E02000678,-1.60741874473
2015,E02000772,-1.60741874473
2015,E02000773,0.344861941483
2015,E02000675,-1.60741874473
2015,E02000674,-1.60741874473
2015,E02000677,0.0884698683657
2015,E02000676,0.483776418063
2015,E02000671,0.703724238499
2015,E02000670,0.483776418063
2015,E02000673,0.344861941483
2015,E02000672,-1.60741874473
2015,E02000572,1.01342793884
2015,E02000573,1.05361645712
2015,E02000570,0.90409818063
2015,E02000571,1.01342793884
2015,E02000576,1.05361645712
2015,E02000577,0.982221690833
2015,E02000574,1.09821131477
2015,E02000575,1.1439066044
2015,E02000150,0.0884698683657
2015,E02000578,0.926113175736
2015,E02000579,0.946302404976
2015,E02000151,-1.60741874473
2015,E02000815,0.749870715892
2015,E02000814,0.853119616183
2015,E02000798,0.703724238499
2015,E02000816,0.789088342227
2015,E02000045,0.0884698683657
2015,E02000810,1.08785017243
2015,E02000813,0.577634676086
2015,E02000812,0.703724238499
2015,E02000792,0.789088342227
2015,E02000793,0.703724238499
2015,E02000790,0.647892352159
2015,E02000791,0.483776418063
2015,E02000796,-1.60741874473
2015,E02000797,0.749870715892
2015,E02000794,0.879915445789
2015,E02000795,0.344861941483
2015,E02006929,0.703724238499
2015,E02006928,0.879915445789
2015,E02006927,0.577634676086
2015,E02006925,-1.60741874473
2015,E02006924,0.344861941483
2015,E02006921,0.344861941483
2015,E02000491,-1.60741874473
2015,E02000490,-1.60741874473
2015,E02000493,-1.60741874473
2015,E02000492,-1.60741874473
2015,E02000495,-1.60741874473
2015,E02000494,-1.60741874473
2015,E02000497,-1.60741874473
2015,E02000496,-1.60741874473
2015,E02000499,-1.60741874473
2015,E02000498,-1.60741874473
2015,E02000010,-1.60741874473
2015,E02000701,0.344861941483
2015,E02000700,0.577634676086
2015,E02000703,0.344861941483
2015,E02000702,-1.60741874473
2015,E02000312,0.344861941483
2015,E02000313,0.0884698683657
2015,E02000707,-1.60741874473
2015,E02000311,-1.60741874473
2015,E02000709,0.647892352159
2015,E02000708,0.577634676086
2015,E02000255,0.344861941483
2015,E02000254,-1.60741874473
2015,E02000253,0.344861941483
2015,E02000252,0.647892352159
2015,E02000318,0.483776418063
2015,E02000319,0.577634676086
2015,E02000929,0.344861941483
2015,E02000928,0.344861941483
2015,E02000369,1.24750664076
2015,E02000921,0.0884698683657
2015,E02000920,0.483776418063
2015,E02000923,0.946302404976
2015,E02000922,0.647892352159
2015,E02000925,0.99833893
2015,E02000924,0.964933945338
2015,E02000927,0.647892352159
2015,E02000926,0.964933945338
2015,E02000016,0.483776418063
2015,E02000828,0.703724238499
2015,E02000025,0.0884698683657
2015,E02000744,0.344861941483
2015,E02000940,0.879915445789
2015,E02000408,0.577634676086
2015,E02000409,0.0884698683657
2015,E02000958,0.344861941483
2015,E02000361,1.09821131477
2015,E02000402,0.0884698683657
2015,E02000403,0.703724238499
2015,E02000400,0.703724238499
2015,E02000401,0.344861941483
2015,E02000406,0.483776418063
2015,E02000407,0.483776418063
2015,E02000952,0.0884698683657
2015,E02000953,0.647892352159
2015,E02000023,0.0884698683657
2015,E02000033,0.0884698683657
2015,E02000032,-1.60741874473
2015,E02000031,-1.60741874473
2015,E02000030,0.0884698683657
2015,E02000037,0.0884698683657
2015,E02000036,-1.60741874473
2015,E02000035,0.483776418063
2015,E02000034,-1.60741874473
2015,E02000039,0.483776418063
2015,E02000038,0.344861941483
2015,E02000316,0.0884698683657
2015,E02000317,-1.60741874473
2015,E02000314,0.344861941483
2015,E02000029,0.0884698683657
2015,E02006791,0.749870715892
2015,E02006792,0.853119616183
2015,E02000315,-1.60741874473
2015,E02006794,0.0884698683657
2015,E02006795,-1.60741874473
2015,E02006796,0.0884698683657
2015,E02006798,0.577634676086
2015,E02000705,0.0884698683657
2015,E02000704,0.483776418063
2015,E02000259,0.577634676086
2015,E02000258,0.483776418063
2015,E02000257,0.749870715892
2015,E02000047,0.577634676086
2015,E02000256,0.483776418063
2015,E02000107,0.879915445789
2015,E02000106,-1.60741874473
2015,E02000105,-1.60741874473
2015,E02000104,0.0884698683657
2015,E02000103,0.483776418063
2015,E02000102,-1.60741874473
2015,E02000101,0.0884698683657
2015,E02000100,0.0884698683657
2015,E02000536,0.0884698683657
2015,E02000537,0.344861941483
2015,E02000534,0.577634676086
2015,E02000535,-1.60741874473
2015,E02000532,0.703724238499
2015,E02000533,0.647892352159
2015,E02000109,-1.60741874473
2015,E02000108,-1.60741874473
2015,E02000044,0.0884698683657
2015,E02000251,0.0884698683657
2015,E02000299,-1.60741874473
2015,E02000250,0.344861941483
2015,E02000747,0.823116296232
2015,E02000699,0.853119616183
2015,E02000698,0.483776418063
2015,E02000697,0.90409818063
2015,E02000696,0.344861941483
2015,E02000695,0.483776418063
2015,E02000694,0.647892352159
2015,E02000693,0.647892352159
2015,E02000692,0.789088342227
2015,E02000691,0.879915445789
2015,E02000690,0.823116296232
2015,E02006800,-1.60741874473
2015,E02006801,0.964933945338
2015,E02006802,1.06560292256
2015,E02000309,-1.60741874473
2015,E02000631,0.853119616183
2015,E02000219,0.0884698683657
2015,E02000218,0.0884698683657
2015,E02000749,0.0884698683657
2015,E02000748,-1.60741874473
2015,E02000630,0.789088342227
2015,E02000213,0.0884698683657
2015,E02000212,0.0884698683657
2015,E02000211,-1.60741874473
2015,E02000746,0.647892352159
2015,E02000741,0.0884698683657
2015,E02000740,0.344861941483
2015,E02000743,0.703724238499
2015,E02000742,-1.60741874473
2015,E02000190,1.01342793884
2015,E02000191,1.04097506196
2015,E02000192,0.90409818063
2015,E02000588,0.946302404976
2015,E02000626,0.703724238499
2015,E02000627,0.789088342227
2015,E02000624,0.964933945338
2015,E02000625,0.99833893
2015,E02000583,0.789088342227
2015,E02000582,0.99833893
2015,E02000628,0.577634676086
2015,E02000629,1.04097506196
2015,E02000587,0.853119616183
2015,E02000586,0.749870715892
2015,E02000585,0.99833893
2015,E02000584,0.749870715892
2015,E02000965,1.0769962938
2015,E02000964,1.04097506196
2015,E02000967,1.05361645712
2015,E02000966,1.01342793884
2015,E02000961,0.982221690833
2015,E02000189,0.879915445789
2015,E02000963,0.703724238499
2015,E02000962,0.703724238499
2015,E02000842,-1.60741874473
2015,E02000843,-1.60741874473
2015,E02000840,-1.60741874473
2015,E02000188,0.964933945338
2015,E02000969,0.90409818063
2015,E02000968,0.879915445789
2015,E02000844,0.0884698683657
2015,E02000845,-1.60741874473
2015,E02000639,0.703724238499
2015,E02000760,-1.60741874473
2015,E02000638,0.926113175736
2015,E02000040,0.344861941483
2015,E02000416,-1.60741874473
2015,E02000447,0.0884698683657
2015,E02000444,-1.60741874473
2015,E02000445,0.344861941483
2015,E02000442,-1.60741874473
2015,E02000443,0.344861941483
2015,E02000440,0.0884698683657
2015,E02000441,0.0884698683657
2015,E02000367,1.28080966298
2015,E02000366,0.964933945338
2015,E02000365,1.28943775989
2015,E02000364,1.2258555322
2015,E02000363,1.05361645712
2015,E02000362,0.853119616183
2015,E02000448,-1.60741874473
2015,E02000449,0.0884698683657
2015,E02000910,0.344861941483
2015,E02000603,0.0884698683657
2015,E02000911,0.749870715892
2015,E02000046,0.483776418063
2015,E02000851,-1.60741874473
2015,E02000850,0.344861941483
2015,E02000121,-1.60741874473
2015,E02000120,0.982221690833
2015,E02000123,0.926113175736
2015,E02000068,0.0884698683657
2015,E02000069,-1.60741874473
2015,E02000141,-1.60741874473
2015,E02000140,-1.60741874473
2015,E02000147,0.0884698683657
2015,E02000146,0.0884698683657
2015,E02000145,-1.60741874473
2015,E02000144,0.577634676086
2015,E02000060,0.0884698683657
2015,E02000061,0.853119616183
2015,E02000149,0.0884698683657
2015,E02000063,0.647892352159
2015,E02000064,0.0884698683657
2015,E02000065,0.0884698683657
2015,E02000066,-1.60741874473
2015,E02000067,0.344861941483
2015,E02000118,-1.60741874473
2015,E02000127,0.0884698683657
2015,E02000119,0.344861941483
2015,E02000126,0.749870715892
2015,E02000125,0.964933945338
2015,E02000706,0.0884698683657
2015,E02000128,0.0884698683657
2015,E02000552,-1.60741874473
2015,E02000789,0.577634676086
2015,E02000553,-1.60741874473
2015,E02000788,0.577634676086
2015,E02000398,0.577634676086
2015,E02000396,0.577634676086
2015,E02000397,0.483776418063
2015,E02000394,1.05361645712
2015,E02000395,0.749870715892
2015,E02000392,0.483776418063
2015,E02000220,0.0884698683657
2015,E02000390,1.05361645712
2015,E02000391,0.853119616183
2015,E02000113,-1.60741874473
2015,E02000668,0.0884698683657
2015,E02000669,0.483776418063
2015,E02000666,0.577634676086
2015,E02000667,0.483776418063
2015,E02000664,0.749870715892
2015,E02000665,-1.60741874473
2015,E02000662,0.823116296232
2015,E02000663,0.577634676086
2015,E02000660,0.703724238499
2015,E02000661,0.344861941483
2015,E02000095,0.344861941483
2015,E02000094,-1.60741874473
2015,E02000097,-1.60741874473
2015,E02000096,0.0884698683657
2015,E02000091,-1.60741874473
2015,E02000090,0.0884698683657
2015,E02000093,-1.60741874473
2015,E02000092,-1.60741874473
2015,E02000221,0.0884698683657
2015,E02000099,0.0884698683657
2015,E02000098,-1.60741874473
2015,E02000549,0.344861941483
2015,E02000548,-1.60741874473
2015,E02000806,0.647892352159
2015,E02000051,0.0884698683657
2015,E02000804,0.344861941483
2015,E02000805,0.344861941483
2015,E02000802,0.0884698683657
2015,E02000803,0.0884698683657
2015,E02000800,-1.60741874473
2015,E02000050,0.0884698683657
2015,E02000053,0.344861941483
2015,E02000808,0.964933945338
2015,E02000809,1.04097506196
2015,E02006930,0.647892352159
2015,E02006931,0.749870715892
2015,E02000052,0.879915445789
2015,E02000955,0.0884698683657
2015,E02000055,-1.60741874473
2015,E02000956,0.577634676086
2015,E02000054,0.577634676086
2015,E02000482,-1.60741874473
2015,E02000483,-1.60741874473
2015,E02000329,-1.60741874473
2015,E02000957,0.879915445789
2015,E02000486,-1.60741874473
2015,E02000487,-1.60741874473
2015,E02000484,-1.60741874473
2015,E02000142,-1.60741874473
2015,E02000895,0.0884698683657
2015,E02000894,0.90409818063
2015,E02000897,0.0884698683657
2015,E02000896,-1.60741874473
2015,E02000327,0.577634676086
2015,E02000326,0.0884698683657
2015,E02000893,0.789088342227
2015,E02000324,0.483776418063
2015,E02000240,-1.60741874473
2015,E02000241,-1.60741874473
2015,E02000242,-1.60741874473
2015,E02000243,-1.60741874473
2015,E02000244,-1.60741874473
2015,E02000404,0.483776418063
2015,E02000246,-1.60741874473
2015,E02000247,0.0884698683657
2015,E02000248,-1.60741874473
2015,E02000249,0.0884698683657
2015,E02000718,0.0884698683657
2015,E02000405,0.703724238499
2015,E02000545,0.483776418063
2015,E02000938,0.483776418063
2015,E02000939,0.483776418063
2015,E02000335,-1.60741874473
2015,E02000932,1.0769962938
2015,E02000933,0.749870715892
2015,E02000930,1.04097506196
2015,E02000931,0.647892352159
2015,E02000936,0.703724238499
2015,E02000937,0.789088342227
2015,E02000934,0.90409818063
2015,E02000935,0.483776418063
2015,E02000714,0.703724238499
2015,E02000062,0.344861941483
2015,E02000711,-1.60741874473
2015,E02000148,-1.60741874473
2015,E02000650,0.853119616183
2015,E02000457,0.0884698683657
2015,E02000489,-1.60741874473
2015,E02000456,-1.60741874473
2015,E02000439,-1.60741874473
2015,E02000438,-1.60741874473
2015,E02000437,-1.60741874473
2015,E02000436,0.0884698683657
2015,E02000435,-1.60741874473
2015,E02000434,-1.60741874473
2015,E02000433,0.0884698683657
2015,E02000432,0.99833893
2015,E02000431,0.879915445789
2015,E02000430,0.946302404976
2015,E02000337,-1.60741874473
2015,E02000981,0.99833893
2015,E02000980,0.577634676086
2015,E02000024,0.0884698683657
2015,E02000352,0.946302404976
2015,E02000026,0.0884698683657
2015,E02000027,0.0884698683657
2015,E02000020,-1.60741874473
2015,E02000021,-1.60741874473
2015,E02000022,-1.60741874473
2015,E02000353,1.18182369013
2015,E02000542,0.0884698683657
2015,E02000717,0.344861941483
2015,E02000028,0.0884698683657
2015,E02000350,0.982221690833
2015,E02000827,0.647892352159
2015,E02000540,0.577634676086
2015,E02000459,0.0884698683657
2015,E02000821,0.647892352159
2015,E02000822,0.647892352159
2015,E02000371,1.29362295237
2015,E02000823,0.926113175736
2015,E02000331,0.483776418063
2015,E02000467,-1.60741874473
2015,E02000005,-1.60741874473
2015,E02000228,-1.60741874473
2015,E02000293,-1.60741874473
2015,E02000292,0.0884698683657
2015,E02000291,-1.60741874473
2015,E02000290,0.0884698683657
2015,E02000297,-1.60741874473
2015,E02000296,0.344861941483
2015,E02000295,0.344861941483
2015,E02000294,0.0884698683657
2015,E02000110,0.964933945338
2015,E02000111,0.0884698683657
2015,E02000112,0.0884698683657
2015,E02000298,0.0884698683657
2015,E02000114,1.12672504322
2015,E02000115,0.789088342227
2015,E02000116,0.823116296232
2015,E02000117,0.749870715892
2015,E02000503,-1.60741874473
2015,E02000502,0.344861941483
2015,E02000501,0.0884698683657
2015,E02000500,-1.60741874473
2015,E02000507,-1.60741874473
2015,E02000506,0.0884698683657
2015,E02000057,0.0884698683657
2015,E02000504,0.0884698683657
2015,E02000059,0.703724238499
2015,E02000058,0.0884698683657
2015,E02000509,-1.60741874473
2015,E02000229,-1.60741874473
2015,E02000307,0.0884698683657
2015,E02000306,0.0884698683657
2015,E02000680,0.577634676086
2015,E02000681,0.0884698683657
2015,E02000682,-1.60741874473
2015,E02000683,0.483776418063
2015,E02000685,0.647892352159
2015,E02000686,0.344861941483
2015,E02000687,0.0884698683657
2015,E02000689,0.964933945338
2015,E02000302,0.0884698683657
2015,E02000008,-1.60741874473
2015,E02000417,0.577634676086
2015,E02000836,0.647892352159
2015,E02000208,0.0884698683657
2015,E02000209,0.0884698683657
2015,E02000758,-1.60741874473
2015,E02000759,0.483776418063
2015,E02000204,-1.60741874473
2015,E02000757,0.344861941483
2015,E02000206,0.483776418063
2015,E02000207,0.0884698683657
2015,E02000200,0.0884698683657
2015,E02000201,0.0884698683657
2015,E02000750,1.01342793884
2015,E02000751,0.0884698683657
2015,E02000617,-1.60741874473
2015,E02000616,-1.60741874473
2015,E02000615,-1.60741874473
2015,E02000614,-1.60741874473
2015,E02000598,-1.60741874473
2015,E02000599,0.483776418063
2015,E02000611,-1.60741874473
2015,E02000610,-1.60741874473
2015,E02000594,0.577634676086
2015,E02000595,0.879915445789
2015,E02000596,1.04097506196
2015,E02000597,0.703724238499
2015,E02000590,0.90409818063
2015,E02000056,0.344861941483
2015,E02000619,0.926113175736
2015,E02000593,1.05361645712
2015,E02000976,1.20179197863
2015,E02000977,1.20179197863
2015,E02000360,1.12672504322
2015,E02000975,1.05361645712
2015,E02000972,1.23147579037
2015,E02000973,1.23695328004
2015,E02000879,0.926113175736
2015,E02000878,1.25756457433
2015,E02000877,1.02760691082
2015,E02000876,1.02760691082
2015,E02000875,0.879915445789
2015,E02000874,0.982221690833
2015,E02000873,0.99833893
2015,E02000872,1.16742634001
2015,E02000871,0.483776418063
2015,E02000870,1.01342793884
2015,E02000332,0.483776418063
2015,E02000623,0.982221690833
2015,E02000333,-1.60741874473
2015,E02000641,0.823116296232
2015,E02000235,0.0884698683657
2015,E02000479,-1.60741874473
2015,E02000478,-1.60741874473
2015,E02000234,0.344861941483
2015,E02000473,0.344861941483
2015,E02000472,-1.60741874473
2015,E02000471,-1.60741874473
2015,E02000470,0.0884698683657
2015,E02000477,-1.60741874473
2015,E02000476,0.344861941483
2015,E02000475,0.0884698683657
2015,E02000474,-1.60741874473
2015,E02000279,0.344861941483
2015,E02000278,-1.60741874473
2015,E02000372,0.90409818063
2015,E02000373,0.703724238499
2015,E02000374,0.853119616183
2015,E02000375,0.90409818063
2015,E02000376,1.02760691082
2015,E02000377,0.853119616183
2015,E02000271,0.577634676086
2015,E02000270,0.647892352159
2015,E02000272,0.344861941483
2015,E02000275,-1.60741874473
2015,E02000274,-1.60741874473
2015,E02000277,-1.60741874473
2015,E02000276,0.483776418063
2015,E02000233,-1.60741874473
2015,E02000232,-1.60741874473
2015,E02000602,0.344861941483
2015,E02000621,1.09821131477
2015,E02006799,-1.60741874473
2015,E02000011,-1.60741874473
2015,E02000756,-1.60741874473
2015,E02000421,0.879915445789
2015,E02000754,0.0884698683657
2015,E02000529,0.0884698683657
2015,E02000755,-1.60741874473
2015,E02000752,0.0884698683657
2015,E02000780,0.0884698683657
2015,E02000753,0.344861941483
2015,E02000154,-1.60741874473
2015,E02000155,-1.60741874473
2015,E02000156,-1.60741874473
2015,E02000157,-1.60741874473
2015,E02000019,-1.60741874473
2015,E02000018,0.0884698683657
2015,E02000152,0.0884698683657
2015,E02000153,-1.60741874473
2015,E02000015,-1.60741874473
2015,E02000014,-1.60741874473
2015,E02000017,-1.60741874473
2015,E02000203,0.0884698683657
2015,E02000158,0.0884698683657
2015,E02000159,0.0884698683657
2015,E02000013,-1.60741874473
2015,E02000012,-1.60741874473
2015,E02000308,0.647892352159
2015,E02000393,0.823116296232
2015,E02000236,-1.60741874473
2015,E02000589,1.01342793884
2015,E02000613,0.0884698683657
2015,E02000612,0.344861941483
2015,E02000231,-1.60741874473
2015,E02000202,-1.60741874473
2015,E02000762,0.0884698683657
2015,E02000558,0.90409818063
2015,E02000559,1.01342793884
2015,E02000651,0.703724238499
2015,E02000122,0.946302404976
2015,E02000657,1.01342793884
2015,E02000124,1.02760691082
2015,E02000655,0.749870715892
2015,E02000654,0.789088342227
2015,E02000550,-1.60741874473
2015,E02000551,-1.60741874473
2015,E02000659,0.647892352159
2015,E02000658,0.879915445789
2015,E02000554,0.879915445789
2015,E02000555,0.926113175736
2015,E02000556,0.964933945338
2015,E02000591,0.964933945338
2015,E02000086,0.0884698683657
2015,E02000087,-1.60741874473
2015,E02000084,-1.60741874473
2015,E02000085,-1.60741874473
2015,E02000082,0.0884698683657
2015,E02000592,0.99833893
2015,E02000080,-1.60741874473
2015,E02000081,-1.60741874473
2015,E02006882,0.483776418063
2015,E02000544,0.344861941483
2015,E02000088,-1.60741874473
2015,E02000089,-1.60741874473
2015,E02000974,1.05361645712
2015,E02000488,-1.60741874473
2015,E02000547,-1.60741874473
2015,E02000339,0.0884698683657
2015,E02000888,0.982221690833
2015,E02000546,0.344861941483
2015,E02000334,0.344861941483
2015,E02000887,0.964933945338
2015,E02000884,1.15202617518
2015,E02000885,0.823116296232
2015,E02000882,0.853119616183
2015,E02000883,0.823116296232
2015,E02000880,0.982221690833
2015,E02000881,0.344861941483
2015,E02000727,0.0884698683657
2015,E02000726,0.926113175736
2015,E02000725,0.749870715892
2015,E02000724,-1.60741874473
2015,E02000723,0.0884698683657
2015,E02000722,0.344861941483
2015,E02000721,0.0884698683657
2015,E02000720,-1.60741874473
2015,E02000543,0.344861941483
2015,E02000239,-1.60741874473
2015,E02000238,0.0884698683657
2015,E02000729,0.577634676086
2015,E02000728,-1.60741874473
2015,E02000541,-1.60741874473
2015,E02000909,0.483776418063
2015,E02000908,0.483776418063
2015,E02000907,0.344861941483
2015,E02000906,0.879915445789
2015,E02000905,0.577634676086
2015,E02000904,-1.60741874473
2015,E02000903,-1.60741874473
2015,E02000902,0.0884698683657
2015,E02000901,0.0884698683657
2015,E02000900,0.0884698683657
2015,E02000411,0.749870715892
2015,E02000978,0.879915445789
2015,E02000410,0.483776418063
2015,E02000979,0.946302404976
2015,E02000941,0.749870715892
2015,E02000856,-1.60741874473
2015,E02000412,0.823116296232
2015,E02000538,0.647892352159
2015,E02000415,0.703724238499
2015,E02000848,-1.60741874473
2015,E02000414,0.703724238499
2015,E02000420,0.483776418063
2015,E02000083,-1.60741874473
2015,E02000422,0.703724238499
2015,E02000423,0.789088342227
2015,E02000424,0.703724238499
2015,E02000425,0.0884698683657
2015,E02000426,0.483776418063
2015,E02000427,0.749870715892
2015,E02000833,0.647892352159
2015,E02000832,0.647892352159
2015,E02000831,0.99833893
2015,E02000830,0.823116296232
2015,E02000345,0.344861941483
2015,E02000344,-1.60741874473
2015,E02000347,0.823116296232
2015,E02000346,0.823116296232
2015,E02000807,0.90409818063
2015,E02000513,0.0884698683657
2015,E02000530,0.0884698683657
2015,E02000531,0.344861941483
2015,E02000304,0.344861941483
2015,E02000970,1.01342793884
2015,E02000348,0.749870715892
2015,E02000801,0.483776418063
2015,E02000839,0.703724238499
2015,E02000838,0.789088342227
2015,E02000653,0.789088342227
2015,E02000971,1.1598598715
2015,E02000370,1.0769962938
2015,E02000341,0.344861941483
2015,E02000959,0.483776418063
2015,E02000284,-1.60741874473
2015,E02000428,0.853119616183
2015,E02000286,-1.60741874473
2015,E02000287,0.344861941483
2015,E02000280,-1.60741874473
2015,E02000281,0.0884698683657
2015,E02000282,-1.60741874473
2015,E02000429,0.823116296232
2015,E02000165,-1.60741874473
2015,E02000167,0.703724238499
2015,E02000166,0.789088342227
2015,E02000288,-1.60741874473
2015,E02000160,-1.60741874473
2015,E02000163,-1.60741874473
2015,E02000162,-1.60741874473
2015,E02000514,-1.60741874473
2015,E02000515,0.0884698683657
2015,E02000516,-1.60741874473
2015,E02000517,0.344861941483
2015,E02000510,-1.60741874473
2015,E02000511,0.0884698683657
2015,E02000512,0.0884698683657
2015,E02000340,0.344861941483
2015,E02000837,0.703724238499
2015,E02000048,0.0884698683657
2015,E02000049,0.344861941483
2015,E02000518,-1.60741874473
2015,E02000519,0.0884698683657
2015,E02000267,0.483776418063
2015,E02000835,0.703724238499
2015,E02000834,0.577634676086
2015,E02000343,0.483776418063
2015,E02006793,-1.60741874473
2015,E02000652,0.647892352159
2015,E02000078,-1.60741874473
2015,E02000763,0.344861941483
2015,E02000609,0.577634676086
2015,E02000342,-1.60741874473
2015,E02000767,-1.60741874473
2015,E02000954,0.577634676086
2015,E02000765,-1.60741874473
2015,E02000764,0.483776418063
2015,E02000600,0.703724238499
2015,E02000601,0.483776418063
2015,E02000769,0.0884698683657
2015,E02000768,-1.60741874473
2015,E02000604,0.577634676086
2015,E02000605,0.344861941483
2015,E02000606,0.483776418063
2015,E02000607,-1.60741874473
2015,E02000561,0.823116296232
2015,E02000560,1.02760691082
2015,E02000563,0.90409818063
2015,E02000562,0.823116296232
2015,E02000565,0.703724238499
2015,E02000564,0.99833893
2015,E02000567,0.964933945338
2015,E02000566,0.99833893
2015,E02000569,1.04097506196
2015,E02000568,0.99833893
2015,E02006836,0.0884698683657
2015,E02000860,0.0884698683657
2015,E02000861,0.344861941483
2015,E02000863,0.0884698683657
2015,E02000864,0.982221690833
2015,E02000865,1.01342793884
2015,E02000866,1.0769962938
2015,E02000867,1.04097506196
2015,E02000868,1.1598598715
2015,E02000869,1.06560292256
2015,E02000783,-1.60741874473
2015,E02000782,-1.60741874473
2015,E02000785,0.577634676086
2015,E02000784,0.577634676086
2015,E02000787,0.647892352159
2015,E02000786,0.789088342227
2015,E02000378,0.926113175736
2015,E02006918,0.964933945338
2015,E02000328,-1.60741874473
2015,E02000379,0.703724238499
2015,E02000899,0.0884698683657
2015,E02000898,0.0884698683657
2015,E02000983,0.789088342227
2015,E02000468,-1.60741874473
2015,E02000469,-1.60741874473
2015,E02000464,-1.60741874473
2015,E02000465,-1.60741874473
2015,E02000466,-1.60741874473
2015,E02000485,0.0884698683657
2015,E02000460,-1.60741874473
2015,E02000461,-1.60741874473
2015,E02000462,-1.60741874473
2015,E02000463,0.0884698683657
2015,E02000305,-1.60741874473
2015,E02000323,0.703724238499
2015,E02000268,0.749870715892
2015,E02000269,0.344861941483
2015,E02000301,0.0884698683657
2015,E02000300,-1.60741874473
2015,E02000303,0.0884698683657
2015,E02000781,0.344861941483
2015,E02000262,0.879915445789
2015,E02000263,-1.60741874473
2015,E02000260,-1.60741874473
2015,E02000261,0.853119616183
2015,E02000266,0.0884698683657
2015,E02000321,0.344861941483
2015,E02000264,0.946302404976
2015,E02000265,0.0884698683657
2015,E02000481,-1.60741874473
2015,E02000982,0.577634676086
2015,E02000320,0.0884698683657
2015,E02000891,1.09821131477
2015,E02000890,0.789088342227
2015,E02000950,0.647892352159
2015,E02000712,0.344861941483
2015,E02000633,0.946302404976
2015,E02000713,-1.60741874473
2015,E02000710,0.789088342227
2015,E02000419,0.749870715892
2015,E02000418,0.0884698683657
2015,E02000949,0.789088342227
2015,E02000948,0.703724238499
2015,E02000943,0.749870715892
2015,E02000716,0.344861941483
2015,E02000413,0.483776418063
2015,E02000951,0.483776418063
2015,E02000947,0.853119616183
2015,E02000946,0.577634676086
2015,E02000945,0.647892352159
2015,E02000944,0.344861941483
2015,E02000632,0.982221690833
2015,E02000942,0.946302404976
2015,E02000889,1.01342793884
2015,E02000715,-1.60741874473
2015,E02000620,0.823116296232
2015,E02000009,-1.60741874473
2015,E02000007,0.0884698683657
2015,E02000004,-1.60741874473
2015,E02006854,1.04097506196
2015,E02000002,-1.60741874473
2015,E02000003,-1.60741874473
2015,E02000001,1.12672504322
2015,E02000635,1.01342793884
2015,E02000719,0.344861941483
2015,E02000886,0.90409818063
2015,E02000622,0.926113175736
2015,E02000237,-1.60741874473
2015,E02000745,0.0884698683657
2015,E02000508,0.0884698683657
2015,E02006789,0.0884698683657
2015,E02006788,0.0884698683657
2015,E02006787,0.344861941483
2015,E02006786,-1.60741874473
2015,E02006785,-1.60741874473
2015,E02006784,-1.60741874473
2015,E02006783,0.344861941483
2015,E02006782,0.0884698683657
2015,E02000634,0.344861941483
2014,E02000608,-0.635820503091
2014,E02000210,-0.635820503091
2014,E02000217,-0.635820503091
2014,E02000216,-0.635820503091
2014,E02000215,-0.635820503091
2014,E02000214,-0.635820503091
2014,E02000132,-0.635820503091
2014,E02000133,-0.635820503091
2014,E02000130,-0.635820503091
2014,E02000131,-0.635820503091
2014,E02000136,-0.635820503091
2014,E02000137,-0.635820503091
2014,E02000134,-0.635820503091
2014,E02000135,-0.635820503091
2014,E02000525,-0.635820503091
2014,E02000524,-0.635820503091
2014,E02000138,-0.635820503091
2014,E02000139,-0.635820503091
2014,E02000521,-0.635820503091
2014,E02000520,-0.635820503091
2014,E02000523,-0.635820503091
2014,E02000522,-0.635820503091
2014,E02000193,-0.635820503091
2014,E02000194,1.56314705498
2014,E02000195,1.56314705498
2014,E02000196,-0.635820503091
2014,E02000480,-0.635820503091
2014,E02000197,-0.635820503091
2014,E02000198,-0.635820503091
2014,E02000368,1.59560166041
2014,E02000199,-0.635820503091
2014,E02000770,-0.635820503091
2014,E02000245,-0.635820503091
2014,E02000581,1.56314705498
2014,E02000738,-0.635820503091
2014,E02000739,1.56314705498
2014,E02000580,1.60387569592
2014,E02000730,-0.635820503091
2014,E02000731,-0.635820503091
2014,E02000732,-0.635820503091
2014,E02000733,-0.635820503091
2014,E02000734,-0.635820503091
2014,E02000735,-0.635820503091
2014,E02000736,-0.635820503091
2014,E02000737,-0.635820503091
2014,E02000226,-0.635820503091
2014,E02000227,-0.635820503091
2014,E02000224,1.56314705498
2014,E02000225,-0.635820503091
2014,E02000222,-0.635820503091
2014,E02000223,-0.635820503091
2014,E02000637,-0.635820503091
2014,E02000636,-0.635820503091
2014,E02000187,1.56314705498
2014,E02000186,1.58214008709
2014,E02000185,-0.635820503091
2014,E02000184,-0.635820503091
2014,E02000183,1.59052775687
2014,E02000182,1.56314705498
2014,E02000181,-0.635820503091
2014,E02000180,1.56314705498
2014,E02000859,1.56314705498
2014,E02000858,-0.635820503091
2014,E02000912,-0.635820503091
2014,E02000913,-0.635820503091
2014,E02000914,-0.635820503091
2014,E02000915,-0.635820503091
2014,E02000916,-0.635820503091
2014,E02000917,-0.635820503091
2014,E02000918,-0.635820503091
2014,E02000919,1.59052775687
2014,E02000853,-0.635820503091
2014,E02000852,-0.635820503091
2014,E02000855,-0.635820503091
2014,E02000854,-0.635820503091
2014,E02000857,-0.635820503091
2014,E02000779,-0.635820503091
2014,E02000849,1.56314705498
2014,E02000960,-0.635820503091
2014,E02000455,1.56314705498
2014,E02000454,-0.635820503091
2014,E02000358,1.58214008709
2014,E02000359,1.59052775687
2014,E02000451,-0.635820503091
2014,E02000829,-0.635820503091
2014,E02000453,-0.635820503091
2014,E02000452,-0.635820503091
2014,E02000824,1.56314705498
2014,E02000825,-0.635820503091
2014,E02000826,-0.635820503091
2014,E02000351,1.59560166041
2014,E02000356,1.56314705498
2014,E02000357,-0.635820503091
2014,E02000354,-0.635820503091
2014,E02000355,1.56314705498
2014,E02000644,1.56314705498
2014,E02000841,-0.635820503091
2014,E02000645,1.56314705498
2014,E02000846,-0.635820503091
2014,E02000646,1.59052775687
2014,E02000847,-0.635820503091
2014,E02000647,-0.635820503091
2014,E02000640,1.56314705498
2014,E02000528,-0.635820503091
2014,E02000539,-0.635820503091
2014,E02000642,-0.635820503091
2014,E02000285,-0.635820503091
2014,E02000643,1.58214008709
2014,E02000169,1.56314705498
2014,E02000168,1.56314705498
2014,E02000526,1.56314705498
2014,E02000648,-0.635820503091
2014,E02000283,1.56314705498
2014,E02000817,-0.635820503091
2014,E02000649,1.56314705498
2014,E02000799,-0.635820503091
2014,E02000178,-0.635820503091
2014,E02000179,-0.635820503091
2014,E02000176,-0.635820503091
2014,E02000177,1.56314705498
2014,E02000174,1.59052775687
2014,E02000175,1.56314705498
2014,E02000172,1.56314705498
2014,E02000173,1.56314705498
2014,E02000170,-0.635820503091
2014,E02000171,1.56314705498
2014,E02000077,-0.635820503091
2014,E02000075,-0.635820503091
2014,E02000074,-0.635820503091
2014,E02000073,-0.635820503091
2014,E02000072,-0.635820503091
2014,E02000071,-0.635820503091
2014,E02000070,-0.635820503091
2014,E02000161,-0.635820503091
2014,E02000079,-0.635820503091
2014,E02000289,-0.635820503091
2014,E02000557,-0.635820503091
2014,E02000230,-0.635820503091
2014,E02000042,-0.635820503091
2014,E02000043,1.58214008709
2014,E02006853,1.58214008709
2014,E02000819,1.56314705498
2014,E02000820,1.56314705498
2014,E02000818,1.56314705498
2014,E02000041,1.56314705498
2014,E02000389,-0.635820503091
2014,E02000388,1.58214008709
2014,E02000385,1.58214008709
2014,E02000384,1.56314705498
2014,E02000387,-0.635820503091
2014,E02000386,1.56314705498
2014,E02000381,1.58214008709
2014,E02000380,1.58214008709
2014,E02000383,-0.635820503091
2014,E02000382,1.56314705498
2014,E02000774,-0.635820503091
2014,E02000776,-0.635820503091
2014,E02000777,-0.635820503091
2014,E02000679,-0.635820503091
2014,E02000678,-0.635820503091
2014,E02000772,-0.635820503091
2014,E02000773,-0.635820503091
2014,E02000675,-0.635820503091
2014,E02000674,-0.635820503091
2014,E02000677,-0.635820503091
2014,E02000676,1.56314705498
2014,E02000671,-0.635820503091
2014,E02000670,1.56314705498
2014,E02000673,1.56314705498
2014,E02000672,1.56314705498
2014,E02000572,1.59052775687
2014,E02000573,1.58214008709
2014,E02000570,1.56314705498
2014,E02000571,1.59052775687
2014,E02000576,1.56314705498
2014,E02000577,-0.635820503091
2014,E02000574,1.59912741284
2014,E02000575,1.59560166041
2014,E02000150,-0.635820503091
2014,E02000578,1.58214008709
2014,E02000579,1.59052775687
2014,E02000151,-0.635820503091
2014,E02000815,1.56314705498
2014,E02000814,1.59560166041
2014,E02000798,-0.635820503091
2014,E02000816,-0.635820503091
2014,E02000045,-0.635820503091
2014,E02000810,1.58214008709
2014,E02000813,-0.635820503091
2014,E02000812,-0.635820503091
2014,E02000792,1.58214008709
2014,E02000793,1.58214008709
2014,E02000790,1.56314705498
2014,E02000791,-0.635820503091
2014,E02000796,-0.635820503091
2014,E02000797,1.58214008709
2014,E02000794,-0.635820503091
2014,E02000795,-0.635820503091
2014,E02006929,1.58214008709
2014,E02006928,1.56314705498
2014,E02006927,1.56314705498
2014,E02006925,-0.635820503091
2014,E02006924,-0.635820503091
2014,E02006921,1.58214008709
2014,E02000491,-0.635820503091
2014,E02000490,-0.635820503091
2014,E02000493,-0.635820503091
2014,E02000492,-0.635820503091
2014,E02000495,-0.635820503091
2014,E02000494,-0.635820503091
2014,E02000497,1.56314705498
2014,E02000496,-0.635820503091
2014,E02000499,-0.635820503091
2014,E02000498,-0.635820503091
2014,E02000010,-0.635820503091
2014,E02000701,-0.635820503091
2014,E02000700,-0.635820503091
2014,E02000703,-0.635820503091
2014,E02000702,1.56314705498
2014,E02000312,-0.635820503091
2014,E02000313,-0.635820503091
2014,E02000707,-0.635820503091
2014,E02000311,-0.635820503091
2014,E02000709,-0.635820503091
2014,E02000708,-0.635820503091
2014,E02000255,-0.635820503091
2014,E02000254,-0.635820503091
2014,E02000253,-0.635820503091
2014,E02000252,1.56314705498
2014,E02000318,-0.635820503091
2014,E02000319,-0.635820503091
2014,E02000929,1.58214008709
2014,E02000928,-0.635820503091
2014,E02000369,1.59052775687
2014,E02000921,-0.635820503091
2014,E02000920,-0.635820503091
2014,E02000923,1.56314705498
2014,E02000922,1.58214008709
2014,E02000925,1.58214008709
2014,E02000924,-0.635820503091
2014,E02000927,1.58214008709
2014,E02000926,-0.635820503091
2014,E02000016,1.56314705498
2014,E02000828,1.56314705498
2014,E02000025,-0.635820503091
2014,E02000744,1.58214008709
2014,E02000940,-0.635820503091
2014,E02000408,-0.635820503091
2014,E02000409,-0.635820503091
2014,E02000958,-0.635820503091
2014,E02000361,1.59052775687
2014,E02000402,-0.635820503091
2014,E02000403,-0.635820503091
2014,E02000400,-0.635820503091
2014,E02000401,-0.635820503091
2014,E02000406,-0.635820503091
2014,E02000407,1.56314705498
2014,E02000952,-0.635820503091
2014,E02000953,-0.635820503091
2014,E02000023,-0.635820503091
2014,E02000033,-0.635820503091
2014,E02000032,-0.635820503091
2014,E02000031,-0.635820503091
2014,E02000030,-0.635820503091
2014,E02000037,-0.635820503091
2014,E02000036,-0.635820503091
2014,E02000035,-0.635820503091
2014,E02000034,-0.635820503091
2014,E02000039,-0.635820503091
2014,E02000038,1.58214008709
2014,E02000316,1.56314705498
2014,E02000317,-0.635820503091
2014,E02000314,-0.635820503091
2014,E02000029,-0.635820503091
2014,E02006791,-0.635820503091
2014,E02006792,-0.635820503091
2014,E02000315,-0.635820503091
2014,E02006794,-0.635820503091
2014,E02006795,-0.635820503091
2014,E02006796,-0.635820503091
2014,E02006798,-0.635820503091
2014,E02000705,-0.635820503091
2014,E02000704,1.56314705498
2014,E02000259,-0.635820503091
2014,E02000258,-0.635820503091
2014,E02000257,-0.635820503091
2014,E02000047,-0.635820503091
2014,E02000256,-0.635820503091
2014,E02000107,1.56314705498
2014,E02000106,-0.635820503091
2014,E02000105,-0.635820503091
2014,E02000104,-0.635820503091
2014,E02000103,1.56314705498
2014,E02000102,-0.635820503091
2014,E02000101,-0.635820503091
2014,E02000100,-0.635820503091
2014,E02000536,-0.635820503091
2014,E02000537,1.58214008709
2014,E02000534,-0.635820503091
2014,E02000535,-0.635820503091
2014,E02000532,-0.635820503091
2014,E02000533,-0.635820503091
2014,E02000109,-0.635820503091
2014,E02000108,-0.635820503091
2014,E02000044,-0.635820503091
2014,E02000251,-0.635820503091
2014,E02000299,-0.635820503091
2014,E02000250,-0.635820503091
2014,E02000747,1.56314705498
2014,E02000699,1.56314705498
2014,E02000698,-0.635820503091
2014,E02000697,-0.635820503091
2014,E02000696,-0.635820503091
2014,E02000695,1.58214008709
2014,E02000694,-0.635820503091
2014,E02000693,1.56314705498
2014,E02000692,1.59052775687
2014,E02000691,-0.635820503091
2014,E02000690,1.56314705498
2014,E02006800,-0.635820503091
2014,E02006801,-0.635820503091
2014,E02006802,1.58214008709
2014,E02000309,-0.635820503091
2014,E02000631,1.58214008709
2014,E02000219,1.56314705498
2014,E02000218,-0.635820503091
2014,E02000749,-0.635820503091
2014,E02000748,-0.635820503091
2014,E02000630,1.56314705498
2014,E02000213,-0.635820503091
2014,E02000212,-0.635820503091
2014,E02000211,-0.635820503091
2014,E02000746,-0.635820503091
2014,E02000741,-0.635820503091
2014,E02000740,-0.635820503091
2014,E02000743,-0.635820503091
2014,E02000742,-0.635820503091
2014,E02000190,1.59052775687
2014,E02000191,1.56314705498
2014,E02000192,1.56314705498
2014,E02000588,-0.635820503091
2014,E02000626,-0.635820503091
2014,E02000627,1.59052775687
2014,E02000624,1.56314705498
2014,E02000625,1.56314705498
2014,E02000583,-0.635820503091
2014,E02000582,-0.635820503091
2014,E02000628,1.56314705498
2014,E02000629,1.58214008709
2014,E02000587,-0.635820503091
2014,E02000586,1.56314705498
2014,E02000585,1.59560166041
2014,E02000584,-0.635820503091
2014,E02000965,1.56314705498
2014,E02000964,1.58214008709
2014,E02000967,-0.635820503091
2014,E02000966,1.56314705498
2014,E02000961,1.59052775687
2014,E02000189,1.56314705498
2014,E02000963,1.58214008709
2014,E02000962,1.56314705498
2014,E02000842,-0.635820503091
2014,E02000843,-0.635820503091
2014,E02000840,-0.635820503091
2014,E02000188,1.56314705498
2014,E02000969,-0.635820503091
2014,E02000968,1.56314705498
2014,E02000844,-0.635820503091
2014,E02000845,-0.635820503091
2014,E02000639,-0.635820503091
2014,E02000760,-0.635820503091
2014,E02000638,1.59052775687
2014,E02000040,-0.635820503091
2014,E02000416,-0.635820503091
2014,E02000447,-0.635820503091
2014,E02000444,-0.635820503091
2014,E02000445,-0.635820503091
2014,E02000442,-0.635820503091
2014,E02000443,-0.635820503091
2014,E02000440,-0.635820503091
2014,E02000441,-0.635820503091
2014,E02000367,1.59052775687
2014,E02000366,1.56314705498
2014,E02000365,1.60387569592
2014,E02000364,1.59052775687
2014,E02000363,-0.635820503091
2014,E02000362,1.58214008709
2014,E02000448,-0.635820503091
2014,E02000449,-0.635820503091
2014,E02000910,-0.635820503091
2014,E02000603,-0.635820503091
2014,E02000911,1.56314705498
2014,E02000046,1.56314705498
2014,E02000851,-0.635820503091
2014,E02000850,-0.635820503091
2014,E02000121,-0.635820503091
2014,E02000120,-0.635820503091
2014,E02000123,1.56314705498
2014,E02000068,-0.635820503091
2014,E02000069,-0.635820503091
2014,E02000141,-0.635820503091
2014,E02000140,-0.635820503091
2014,E02000147,-0.635820503091
2014,E02000146,-0.635820503091
2014,E02000145,-0.635820503091
2014,E02000144,-0.635820503091
2014,E02000060,-0.635820503091
2014,E02000061,1.56314705498
2014,E02000149,-0.635820503091
2014,E02000063,-0.635820503091
2014,E02000064,-0.635820503091
2014,E02000065,-0.635820503091
2014,E02000066,-0.635820503091
2014,E02000067,-0.635820503091
2014,E02000118,-0.635820503091
2014,E02000127,-0.635820503091
2014,E02000119,-0.635820503091
2014,E02000126,-0.635820503091
2014,E02000125,-0.635820503091
2014,E02000706,-0.635820503091
2014,E02000128,-0.635820503091
2014,E02000552,-0.635820503091
2014,E02000789,-0.635820503091
2014,E02000553,-0.635820503091
2014,E02000788,-0.635820503091
2014,E02000398,-0.635820503091
2014,E02000396,1.58214008709
2014,E02000397,-0.635820503091
2014,E02000394,-0.635820503091
2014,E02000395,1.58214008709
2014,E02000392,1.58214008709
2014,E02000220,-0.635820503091
2014,E02000390,1.58214008709
2014,E02000391,-0.635820503091
2014,E02000113,-0.635820503091
2014,E02000668,-0.635820503091
2014,E02000669,-0.635820503091
2014,E02000666,-0.635820503091
2014,E02000667,-0.635820503091
2014,E02000664,-0.635820503091
2014,E02000665,-0.635820503091
2014,E02000662,1.58214008709
2014,E02000663,1.56314705498
2014,E02000660,-0.635820503091
2014,E02000661,-0.635820503091
2014,E02000095,-0.635820503091
2014,E02000094,-0.635820503091
2014,E02000097,-0.635820503091
2014,E02000096,-0.635820503091
2014,E02000091,-0.635820503091
2014,E02000090,-0.635820503091
2014,E02000093,-0.635820503091
2014,E02000092,-0.635820503091
2014,E02000221,-0.635820503091
2014,E02000099,-0.635820503091
2014,E02000098,-0.635820503091
2014,E02000549,-0.635820503091
2014,E02000548,-0.635820503091
2014,E02000806,-0.635820503091
2014,E02000051,-0.635820503091
2014,E02000804,-0.635820503091
2014,E02000805,-0.635820503091
2014,E02000802,-0.635820503091
2014,E02000803,-0.635820503091
2014,E02000800,-0.635820503091
2014,E02000050,1.56314705498
2014,E02000053,-0.635820503091
2014,E02000808,1.58214008709
2014,E02000809,1.59560166041
2014,E02006930,-0.635820503091
2014,E02006931,1.56314705498
2014,E02000052,-0.635820503091
2014,E02000955,-0.635820503091
2014,E02000055,1.56314705498
2014,E02000956,1.56314705498
2014,E02000054,-0.635820503091
2014,E02000482,-0.635820503091
2014,E02000483,-0.635820503091
2014,E02000329,-0.635820503091
2014,E02000957,-0.635820503091
2014,E02000486,-0.635820503091
2014,E02000487,-0.635820503091
2014,E02000484,-0.635820503091
2014,E02000142,-0.635820503091
2014,E02000895,-0.635820503091
2014,E02000894,1.56314705498
2014,E02000897,-0.635820503091
2014,E02000896,-0.635820503091
2014,E02000327,-0.635820503091
2014,E02000326,1.59052775687
2014,E02000893,-0.635820503091
2014,E02000324,-0.635820503091
2014,E02000240,-0.635820503091
2014,E02000241,-0.635820503091
2014,E02000242,-0.635820503091
2014,E02000243,-0.635820503091
2014,E02000244,-0.635820503091
2014,E02000404,-0.635820503091
2014,E02000246,-0.635820503091
2014,E02000247,-0.635820503091
2014,E02000248,1.56314705498
2014,E02000249,-0.635820503091
2014,E02000718,-0.635820503091
2014,E02000405,-0.635820503091
2014,E02000545,-0.635820503091
2014,E02000938,-0.635820503091
2014,E02000939,1.58214008709
2014,E02000335,-0.635820503091
2014,E02000932,1.58214008709
2014,E02000933,-0.635820503091
2014,E02000930,1.56314705498
2014,E02000931,1.56314705498
2014,E02000936,1.56314705498
2014,E02000937,-0.635820503091
2014,E02000934,-0.635820503091
2014,E02000935,-0.635820503091
2014,E02000714,-0.635820503091
2014,E02000062,-0.635820503091
2014,E02000711,-0.635820503091
2014,E02000148,-0.635820503091
2014,E02000650,-0.635820503091
2014,E02000457,-0.635820503091
2014,E02000489,-0.635820503091
2014,E02000456,-0.635820503091
2014,E02000439,-0.635820503091
2014,E02000438,-0.635820503091
2014,E02000437,-0.635820503091
2014,E02000436,-0.635820503091
2014,E02000435,-0.635820503091
2014,E02000434,-0.635820503091
2014,E02000433,-0.635820503091
2014,E02000432,1.56314705498
2014,E02000431,1.58214008709
2014,E02000430,-0.635820503091
2014,E02000337,-0.635820503091
2014,E02000981,1.56314705498
2014,E02000980,1.56314705498
2014,E02000024,-0.635820503091
2014,E02000352,-0.635820503091
2014,E02000026,-0.635820503091
2014,E02000027,-0.635820503091
2014,E02000020,-0.635820503091
2014,E02000021,-0.635820503091
2014,E02000022,-0.635820503091
2014,E02000353,1.59560166041
2014,E02000542,-0.635820503091
2014,E02000717,-0.635820503091
2014,E02000028,-0.635820503091
2014,E02000350,1.56314705498
2014,E02000827,-0.635820503091
2014,E02000540,-0.635820503091
2014,E02000459,-0.635820503091
2014,E02000821,-0.635820503091
2014,E02000822,-0.635820503091
2014,E02000371,1.60559530401
2014,E02000823,1.56314705498
2014,E02000331,-0.635820503091
2014,E02000467,-0.635820503091
2014,E02000005,-0.635820503091
2014,E02000228,-0.635820503091
2014,E02000293,-0.635820503091
2014,E02000292,-0.635820503091
2014,E02000291,-0.635820503091
2014,E02000290,-0.635820503091
2014,E02000297,-0.635820503091
2014,E02000296,1.56314705498
2014,E02000295,-0.635820503091
2014,E02000294,-0.635820503091
2014,E02000110,1.56314705498
2014,E02000111,-0.635820503091
2014,E02000112,-0.635820503091
2014,E02000298,-0.635820503091
2014,E02000114,-0.635820503091
2014,E02000115,1.59560166041
2014,E02000116,-0.635820503091
2014,E02000117,-0.635820503091
2014,E02000503,-0.635820503091
2014,E02000502,-0.635820503091
2014,E02000501,-0.635820503091
2014,E02000500,-0.635820503091
2014,E02000507,-0.635820503091
2014,E02000506,-0.635820503091
2014,E02000057,-0.635820503091
2014,E02000504,-0.635820503091
2014,E02000059,1.56314705498
2014,E02000058,-0.635820503091
2014,E02000509,-0.635820503091
2014,E02000229,-0.635820503091
2014,E02000307,-0.635820503091
2014,E02000306,-0.635820503091
2014,E02000680,-0.635820503091
2014,E02000681,-0.635820503091
2014,E02000682,-0.635820503091
2014,E02000683,-0.635820503091
2014,E02000685,-0.635820503091
2014,E02000686,-0.635820503091
2014,E02000687,1.56314705498
2014,E02000689,-0.635820503091
2014,E02000302,-0.635820503091
2014,E02000008,-0.635820503091
2014,E02000417,1.58214008709
2014,E02000836,-0.635820503091
2014,E02000208,1.56314705498
2014,E02000209,-0.635820503091
2014,E02000758,-0.635820503091
2014,E02000759,1.56314705498
2014,E02000204,-0.635820503091
2014,E02000757,-0.635820503091
2014,E02000206,1.56314705498
2014,E02000207,-0.635820503091
2014,E02000200,-0.635820503091
2014,E02000201,-0.635820503091
2014,E02000750,-0.635820503091
2014,E02000751,-0.635820503091
2014,E02000617,-0.635820503091
2014,E02000616,-0.635820503091
2014,E02000615,-0.635820503091
2014,E02000614,-0.635820503091
2014,E02000598,-0.635820503091
2014,E02000599,-0.635820503091
2014,E02000611,-0.635820503091
2014,E02000610,-0.635820503091
2014,E02000594,1.56314705498
2014,E02000595,1.56314705498
2014,E02000596,1.59560166041
2014,E02000597,1.58214008709
2014,E02000590,1.58214008709
2014,E02000056,-0.635820503091
2014,E02000619,1.59052775687
2014,E02000593,1.59052775687
2014,E02000976,1.59560166041
2014,E02000977,1.56314705498
2014,E02000360,1.58214008709
2014,E02000975,1.56314705498
2014,E02000972,1.59560166041
2014,E02000973,1.59912741284
2014,E02000879,1.56314705498
2014,E02000878,1.56314705498
2014,E02000877,1.59052775687
2014,E02000876,1.56314705498
2014,E02000875,-0.635820503091
2014,E02000874,1.56314705498
2014,E02000873,1.56314705498
2014,E02000872,1.59560166041
2014,E02000871,1.56314705498
2014,E02000870,1.56314705498
2014,E02000332,1.56314705498
2014,E02000623,-0.635820503091
2014,E02000333,-0.635820503091
2014,E02000641,-0.635820503091
2014,E02000235,-0.635820503091
2014,E02000479,-0.635820503091
2014,E02000478,-0.635820503091
2014,E02000234,-0.635820503091
2014,E02000473,-0.635820503091
2014,E02000472,-0.635820503091
2014,E02000471,-0.635820503091
2014,E02000470,-0.635820503091
2014,E02000477,-0.635820503091
2014,E02000476,1.56314705498
2014,E02000475,-0.635820503091
2014,E02000474,-0.635820503091
2014,E02000279,-0.635820503091
2014,E02000278,-0.635820503091
2014,E02000372,1.58214008709
2014,E02000373,1.56314705498
2014,E02000374,-0.635820503091
2014,E02000375,-0.635820503091
2014,E02000376,1.56314705498
2014,E02000377,1.56314705498
2014,E02000271,-0.635820503091
2014,E02000270,1.59560166041
2014,E02000272,-0.635820503091
2014,E02000275,-0.635820503091
2014,E02000274,-0.635820503091
2014,E02000277,-0.635820503091
2014,E02000276,-0.635820503091
2014,E02000233,-0.635820503091
2014,E02000232,-0.635820503091
2014,E02000602,-0.635820503091
2014,E02000621,-0.635820503091
2014,E02006799,-0.635820503091
2014,E02000011,-0.635820503091
2014,E02000756,1.56314705498
2014,E02000421,-0.635820503091
2014,E02000754,-0.635820503091
2014,E02000529,-0.635820503091
2014,E02000755,-0.635820503091
2014,E02000752,-0.635820503091
2014,E02000780,-0.635820503091
2014,E02000753,-0.635820503091
2014,E02000154,-0.635820503091
2014,E02000155,-0.635820503091
2014,E02000156,-0.635820503091
2014,E02000157,-0.635820503091
2014,E02000019,-0.635820503091
2014,E02000018,-0.635820503091
2014,E02000152,-0.635820503091
2014,E02000153,-0.635820503091
2014,E02000015,-0.635820503091
2014,E02000014,-0.635820503091
2014,E02000017,-0.635820503091
2014,E02000203,-0.635820503091
2014,E02000158,-0.635820503091
2014,E02000159,-0.635820503091
2014,E02000013,-0.635820503091
2014,E02000012,-0.635820503091
2014,E02000308,-0.635820503091
2014,E02000393,-0.635820503091
2014,E02000236,-0.635820503091
2014,E02000589,1.59052775687
2014,E02000613,-0.635820503091
2014,E02000612,1.56314705498
2014,E02000231,-0.635820503091
2014,E02000202,-0.635820503091
2014,E02000762,-0.635820503091
2014,E02000558,1.56314705498
2014,E02000559,1.56314705498
2014,E02000651,-0.635820503091
2014,E02000122,1.56314705498
2014,E02000657,1.58214008709
2014,E02000124,1.56314705498
2014,E02000655,1.56314705498
2014,E02000654,1.56314705498
2014,E02000550,-0.635820503091
2014,E02000551,-0.635820503091
2014,E02000659,1.56314705498
2014,E02000658,-0.635820503091
2014,E02000554,1.56314705498
2014,E02000555,-0.635820503091
2014,E02000556,1.58214008709
2014,E02000591,1.56314705498
2014,E02000086,-0.635820503091
2014,E02000087,-0.635820503091
2014,E02000084,-0.635820503091
2014,E02000085,-0.635820503091
2014,E02000082,-0.635820503091
2014,E02000592,1.56314705498
2014,E02000080,-0.635820503091
2014,E02000081,-0.635820503091
2014,E02006882,-0.635820503091
2014,E02000544,-0.635820503091
2014,E02000088,-0.635820503091
2014,E02000089,-0.635820503091
2014,E02000974,-0.635820503091
2014,E02000488,-0.635820503091
2014,E02000547,-0.635820503091
2014,E02000339,-0.635820503091
2014,E02000888,-0.635820503091
2014,E02000546,-0.635820503091
2014,E02000334,-0.635820503091
2014,E02000887,-0.635820503091
2014,E02000884,-0.635820503091
2014,E02000885,-0.635820503091
2014,E02000882,1.56314705498
2014,E02000883,-0.635820503091
2014,E02000880,1.56314705498
2014,E02000881,1.58214008709
2014,E02000727,-0.635820503091
2014,E02000726,-0.635820503091
2014,E02000725,-0.635820503091
2014,E02000724,-0.635820503091
2014,E02000723,-0.635820503091
2014,E02000722,-0.635820503091
2014,E02000721,-0.635820503091
2014,E02000720,-0.635820503091
2014,E02000543,-0.635820503091
2014,E02000239,-0.635820503091
2014,E02000238,-0.635820503091
2014,E02000729,-0.635820503091
2014,E02000728,-0.635820503091
2014,E02000541,-0.635820503091
2014,E02000909,-0.635820503091
2014,E02000908,1.56314705498
2014,E02000907,-0.635820503091
2014,E02000906,1.56314705498
2014,E02000905,-0.635820503091
2014,E02000904,-0.635820503091
2014,E02000903,-0.635820503091
2014,E02000902,1.56314705498
2014,E02000901,-0.635820503091
2014,E02000900,-0.635820503091
2014,E02000411,1.56314705498
2014,E02000978,-0.635820503091
2014,E02000410,-0.635820503091
2014,E02000979,1.59052775687
2014,E02000941,1.56314705498
2014,E02000856,-0.635820503091
2014,E02000412,-0.635820503091
2014,E02000538,-0.635820503091
2014,E02000415,1.56314705498
2014,E02000848,-0.635820503091
2014,E02000414,-0.635820503091
2014,E02000420,-0.635820503091
2014,E02000083,-0.635820503091
2014,E02000422,1.56314705498
2014,E02000423,-0.635820503091
2014,E02000424,1.59052775687
2014,E02000425,-0.635820503091
2014,E02000426,1.56314705498
2014,E02000427,1.56314705498
2014,E02000833,-0.635820503091
2014,E02000832,1.56314705498
2014,E02000831,1.58214008709
2014,E02000830,-0.635820503091
2014,E02000345,-0.635820503091
2014,E02000344,-0.635820503091
2014,E02000347,1.56314705498
2014,E02000346,-0.635820503091
2014,E02000807,1.56314705498
2014,E02000513,-0.635820503091
2014,E02000530,-0.635820503091
2014,E02000531,-0.635820503091
2014,E02000304,-0.635820503091
2014,E02000970,1.56314705498
2014,E02000348,1.56314705498
2014,E02000801,-0.635820503091
2014,E02000839,-0.635820503091
2014,E02000838,1.56314705498
2014,E02000653,-0.635820503091
2014,E02000971,-0.635820503091
2014,E02000370,-0.635820503091
2014,E02000341,1.56314705498
2014,E02000959,-0.635820503091
2014,E02000284,-0.635820503091
2014,E02000428,1.56314705498
2014,E02000286,-0.635820503091
2014,E02000287,-0.635820503091
2014,E02000280,-0.635820503091
2014,E02000281,-0.635820503091
2014,E02000282,-0.635820503091
2014,E02000429,1.56314705498
2014,E02000165,-0.635820503091
2014,E02000167,1.58214008709
2014,E02000166,-0.635820503091
2014,E02000288,-0.635820503091
2014,E02000160,-0.635820503091
2014,E02000163,-0.635820503091
2014,E02000162,-0.635820503091
2014,E02000514,-0.635820503091
2014,E02000515,-0.635820503091
2014,E02000516,-0.635820503091
2014,E02000517,-0.635820503091
2014,E02000510,-0.635820503091
2014,E02000511,-0.635820503091
2014,E02000512,-0.635820503091
2014,E02000340,-0.635820503091
2014,E02000837,-0.635820503091
2014,E02000048,-0.635820503091
2014,E02000049,-0.635820503091
2014,E02000518,-0.635820503091
2014,E02000519,-0.635820503091
2014,E02000267,-0.635820503091
2014,E02000835,1.56314705498
2014,E02000834,1.56314705498
2014,E02000343,-0.635820503091
2014,E02006793,-0.635820503091
2014,E02000652,-0.635820503091
2014,E02000078,-0.635820503091
2014,E02000763,-0.635820503091
2014,E02000609,-0.635820503091
2014,E02000342,-0.635820503091
2014,E02000767,1.56314705498
2014,E02000954,1.56314705498
2014,E02000765,-0.635820503091
2014,E02000764,-0.635820503091
2014,E02000600,-0.635820503091
2014,E02000601,-0.635820503091
2014,E02000769,-0.635820503091
2014,E02000768,-0.635820503091
2014,E02000604,-0.635820503091
2014,E02000605,-0.635820503091
2014,E02000606,-0.635820503091
2014,E02000607,-0.635820503091
2014,E02000561,1.58214008709
2014,E02000560,1.59912741284
2014,E02000563,1.59560166041
2014,E02000562,1.56314705498
2014,E02000565,-0.635820503091
2014,E02000564,1.58214008709
2014,E02000567,1.59560166041
2014,E02000566,1.56314705498
2014,E02000569,1.56314705498
2014,E02000568,1.56314705498
2014,E02006836,-0.635820503091
2014,E02000860,-0.635820503091
2014,E02000861,-0.635820503091
2014,E02000863,1.56314705498
2014,E02000864,1.59052775687
2014,E02000865,1.58214008709
2014,E02000866,1.58214008709
2014,E02000867,1.56314705498
2014,E02000868,1.58214008709
2014,E02000869,1.58214008709
2014,E02000783,-0.635820503091
2014,E02000782,1.56314705498
2014,E02000785,1.58214008709
2014,E02000784,-0.635820503091
2014,E02000787,-0.635820503091
2014,E02000786,1.56314705498
2014,E02000378,-0.635820503091
2014,E02006918,1.56314705498
2014,E02000328,1.56314705498
2014,E02000379,-0.635820503091
2014,E02000899,-0.635820503091
2014,E02000898,-0.635820503091
2014,E02000983,-0.635820503091
2014,E02000468,-0.635820503091
2014,E02000469,-0.635820503091
2014,E02000464,-0.635820503091
2014,E02000465,-0.635820503091
2014,E02000466,-0.635820503091
2014,E02000485,-0.635820503091
2014,E02000460,-0.635820503091
2014,E02000461,-0.635820503091
2014,E02000462,-0.635820503091
2014,E02000463,-0.635820503091
2014,E02000305,-0.635820503091
2014,E02000323,-0.635820503091
2014,E02000268,-0.635820503091
2014,E02000269,1.58214008709
2014,E02000301,-0.635820503091
2014,E02000300,-0.635820503091
2014,E02000303,-0.635820503091
2014,E02000781,-0.635820503091
2014,E02000262,1.59052775687
2014,E02000263,-0.635820503091
2014,E02000260,-0.635820503091
2014,E02000261,-0.635820503091
2014,E02000266,-0.635820503091
2014,E02000321,1.56314705498
2014,E02000264,1.56314705498
2014,E02000265,-0.635820503091
2014,E02000481,-0.635820503091
2014,E02000982,-0.635820503091
2014,E02000320,-0.635820503091
2014,E02000891,-0.635820503091
2014,E02000890,1.58214008709
2014,E02000950,1.56314705498
2014,E02000712,-0.635820503091
2014,E02000633,1.56314705498
2014,E02000713,-0.635820503091
2014,E02000710,-0.635820503091
2014,E02000419,-0.635820503091
2014,E02000418,-0.635820503091
2014,E02000949,-0.635820503091
2014,E02000948,1.58214008709
2014,E02000943,-0.635820503091
2014,E02000716,-0.635820503091
2014,E02000413,1.56314705498
2014,E02000951,-0.635820503091
2014,E02000947,-0.635820503091
2014,E02000946,1.56314705498
2014,E02000945,-0.635820503091
2014,E02000944,-0.635820503091
2014,E02000632,1.59052775687
2014,E02000942,1.56314705498
2014,E02000889,-0.635820503091
2014,E02000715,-0.635820503091
2014,E02000620,1.59560166041
2014,E02000009,-0.635820503091
2014,E02000007,-0.635820503091
2014,E02000004,-0.635820503091
2014,E02006854,1.58214008709
2014,E02000002,-0.635820503091
2014,E02000003,-0.635820503091
2014,E02000001,-0.635820503091
2014,E02000635,1.59052775687
2014,E02000719,-0.635820503091
2014,E02000886,-0.635820503091
2014,E02000622,1.59052775687
2014,E02000237,-0.635820503091
2014,E02000745,-0.635820503091
2014,E02000508,-0.635820503091
2014,E02006789,-0.635820503091
2014,E02006788,1.56314705498
2014,E02006787,-0.635820503091
2014,E02006786,-0.635820503091
2014,E02006785,-0.635820503091
2014,E02006784,-0.635820503091
2014,E02006783,-0.635820503091
2014,E02006782,-0.635820503091
2014,E02000634,1.56314705498
2016,E02000608,0.140817832835
2016,E02000210,-0.18939531418
2016,E02000217,0.458493189977
2016,E02000216,-0.387685846301
2016,E02000215,-0.0508902613988
2016,E02000214,-2.15828978443
2016,E02000132,-0.387685846301
2016,E02000133,-0.18939531418
2016,E02000130,0.376174939022
2016,E02000131,0.725914752473
2016,E02000136,-0.387685846301
2016,E02000137,-0.18939531418
2016,E02000134,0.140817832835
2016,E02000135,0.0551394052299
2016,E02000525,0.328201351478
2016,E02000524,-0.732056682167
2016,E02000138,-0.0508902613988
2016,E02000139,-0.18939531418
2016,E02000521,0.458493189977
2016,E02000520,-0.0508902613988
2016,E02000523,-0.387685846301
2016,E02000522,-0.387685846301
2016,E02000193,1.54750455512
2016,E02000194,0.328201351478
2016,E02000195,-0.18939531418
2016,E02000196,-0.732056682167
2016,E02000480,-0.0508902613988
2016,E02000197,-0.18939531418
2016,E02000198,-0.732056682167
2016,E02000368,1.13472206276
2016,E02000199,-0.387685846301
2016,E02000770,-0.18939531418
2016,E02000245,-0.18939531418
2016,E02000581,0.924500344023
2016,E02000738,-0.732056682167
2016,E02000739,0.212573951395
2016,E02000580,1.44039156199
2016,E02000730,0.212573951395
2016,E02000731,-2.15828978443
2016,E02000732,-0.732056682167
2016,E02000733,0.638428653892
2016,E02000734,-0.18939531418
2016,E02000735,0.376174939022
2016,E02000736,-2.15828978443
2016,E02000737,-0.18939531418
2016,E02000226,-2.15828978443
2016,E02000227,-2.15828978443
2016,E02000224,-2.15828978443
2016,E02000225,-2.15828978443
2016,E02000222,-0.18939531418
2016,E02000223,-2.15828978443
2016,E02000637,1.02047308431
2016,E02000636,0.613321527213
2016,E02000187,1.22855035097
2016,E02000186,1.31295540103
2016,E02000185,0.886581065085
2016,E02000184,1.38937366667
2016,E02000183,1.10533448459
2016,E02000182,1.00106237497
2016,E02000181,1.0566451162
2016,E02000180,1.19369972837
2016,E02000859,-0.732056682167
2016,E02000858,-2.15828978443
2016,E02000912,0.494354584021
2016,E02000913,-0.0508902613988
2016,E02000914,0.140817832835
2016,E02000915,0.419317579127
2016,E02000916,0.328201351478
2016,E02000917,0.419317579127
2016,E02000918,0.458493189977
2016,E02000919,0.814156755255
2016,E02000853,-0.387685846301
2016,E02000852,-0.387685846301
2016,E02000855,-0.18939531418
2016,E02000854,-0.387685846301
2016,E02000857,-2.15828978443
2016,E02000779,-0.732056682167
2016,E02000849,-0.732056682167
2016,E02000960,0.638428653892
2016,E02000455,0.0551394052299
2016,E02000454,-0.732056682167
2016,E02000358,1.21151849536
2016,E02000359,0.859152196953
2016,E02000451,-2.15828978443
2016,E02000829,0.873100433279
2016,E02000453,-0.387685846301
2016,E02000452,0.274220536971
2016,E02000824,0.745156819823
2016,E02000825,0.662100935356
2016,E02000826,0.781117700454
2016,E02000351,0.990987804755
2016,E02000356,0.924500344023
2016,E02000357,0.586599912537
2016,E02000354,1.01088685694
2016,E02000355,1.03897411463
2016,E02000644,0.662100935356
2016,E02000841,-0.732056682167
2016,E02000645,0.684489846847
2016,E02000846,-0.387685846301
2016,E02000646,0.376174939022
2016,E02000847,-0.387685846301
2016,E02000647,0.376174939022
2016,E02000640,0.662100935356
2016,E02000528,0.797973228182
2016,E02000539,0.328201351478
2016,E02000642,0.745156819823
2016,E02000285,-0.732056682167
2016,E02000643,0.586599912537
2016,E02000169,0.662100935356
2016,E02000168,0.97003649668
2016,E02000526,0.613321527213
2016,E02000648,0.140817832835
2016,E02000283,-2.15828978443
2016,E02000817,0.638428653892
2016,E02000649,0.859152196953
2016,E02000799,0.0551394052299
2016,E02000178,0.924500344023
2016,E02000179,0.814156755255
2016,E02000176,1.02047308431
2016,E02000177,1.03897411463
2016,E02000174,1.06519148228
2016,E02000175,0.947918613495
2016,E02000172,1.0566451162
2016,E02000173,0.763533562988
2016,E02000170,0.662100935356
2016,E02000171,0.873100433279
2016,E02000077,-2.15828978443
2016,E02000075,-2.15828978443
2016,E02000074,-2.15828978443
2016,E02000073,-2.15828978443
2016,E02000072,0.0551394052299
2016,E02000071,-2.15828978443
2016,E02000070,-2.15828978443
2016,E02000161,-0.387685846301
2016,E02000079,-0.732056682167
2016,E02000289,-0.387685846301
2016,E02000557,0.959131234675
2016,E02000230,-0.0508902613988
2016,E02000042,0.376174939022
2016,E02000043,-0.732056682167
2016,E02006853,1.09762843474
2016,E02000819,0.705724269333
2016,E02000820,1.21727982478
2016,E02000818,1.22295630763
2016,E02000041,-0.18939531418
2016,E02000389,0.873100433279
2016,E02000388,1.14862429622
2016,E02000385,1.14862429622
2016,E02000384,1.02983207716
2016,E02000387,0.899623714173
2016,E02000386,1.1275801956
2016,E02000381,0.97003649668
2016,E02000380,0.97003649668
2016,E02000383,1.17501975248
2016,E02000382,0.725914752473
2016,E02000774,0.140817832835
2016,E02000776,-2.15828978443
2016,E02000777,-0.732056682167
2016,E02000679,0.274220536971
2016,E02000678,-2.15828978443
2016,E02000772,-2.15828978443
2016,E02000773,-0.18939531418
2016,E02000675,0.140817832835
2016,E02000674,0.212573951395
2016,E02000677,-0.387685846301
2016,E02000676,-0.0508902613988
2016,E02000671,0.274220536971
2016,E02000670,-0.0508902613988
2016,E02000673,0.638428653892
2016,E02000672,0.274220536971
2016,E02000572,1.23406426172
2016,E02000573,1.31295540103
2016,E02000570,1.11289149405
2016,E02000571,1.09762843474
2016,E02000576,1.36686321109
2016,E02000577,1.10533448459
2016,E02000574,1.42080627699
2016,E02000575,1.56384466239
2016,E02000150,-0.732056682167
2016,E02000578,0.912255297216
2016,E02000579,1.16858733774
2016,E02000151,-2.15828978443
2016,E02000815,1.15539333486
2016,E02000814,0.912255297216
2016,E02000798,0.140817832835
2016,E02000816,0.745156819823
2016,E02000045,0.328201351478
2016,E02000810,1.37070923193
2016,E02000813,1.06519148228
2016,E02000812,1.26050621508
2016,E02000792,0.705724269333
2016,E02000793,0.212573951395
2016,E02000790,0.458493189977
2016,E02000791,0.613321527213
2016,E02000796,-0.0508902613988
2016,E02000797,0.662100935356
2016,E02000794,0.55804860255
2016,E02000795,0.140817832835
2016,E02006929,1.06519148228
2016,E02006928,0.899623714173
2016,E02006927,0.140817832835
2016,E02006925,0.140817832835
2016,E02006924,0.376174939022
2016,E02006921,0.376174939022
2016,E02000491,-2.15828978443
2016,E02000490,-2.15828978443
2016,E02000493,-2.15828978443
2016,E02000492,-2.15828978443
2016,E02000495,-0.18939531418
2016,E02000494,-2.15828978443
2016,E02000497,-0.387685846301
2016,E02000496,-2.15828978443
2016,E02000499,-0.732056682167
2016,E02000498,-2.15828978443
2016,E02000010,-2.15828978443
2016,E02000701,-0.387685846301
2016,E02000700,0.328201351478
2016,E02000703,0.212573951395
2016,E02000702,-0.387685846301
2016,E02000312,0.419317579127
2016,E02000313,-0.387685846301
2016,E02000707,-0.387685846301
2016,E02000311,-0.18939531418
2016,E02000709,-0.0508902613988
2016,E02000708,-0.18939531418
2016,E02000255,0.212573951395
2016,E02000254,-2.15828978443
2016,E02000253,0.212573951395
2016,E02000252,0.684489846847
2016,E02000318,0.140817832835
2016,E02000319,0.527406840673
2016,E02000929,0.781117700454
2016,E02000928,0.586599912537
2016,E02000369,1.42414219005
2016,E02000921,0.376174939022
2016,E02000920,0.638428653892
2016,E02000923,1.09762843474
2016,E02000922,0.274220536971
2016,E02000925,0.990987804755
2016,E02000924,1.16204640964
2016,E02000927,0.763533562988
2016,E02000926,1.1275801956
2016,E02000016,-0.387685846301
2016,E02000828,0.705724269333
2016,E02000025,0.0551394052299
2016,E02000744,0.494354584021
2016,E02000940,0.684489846847
2016,E02000408,-0.18939531418
2016,E02000409,0.376174939022
2016,E02000958,0.274220536971
2016,E02000361,1.14173528008
2016,E02000402,-0.18939531418
2016,E02000403,0.376174939022
2016,E02000400,0.613321527213
2016,E02000401,0.140817832835
2016,E02000406,0.419317579127
2016,E02000407,0.212573951395
2016,E02000952,0.328201351478
2016,E02000953,0.274220536971
2016,E02000023,-2.15828978443
2016,E02000033,-0.18939531418
2016,E02000032,-0.732056682167
2016,E02000031,-0.387685846301
2016,E02000030,-0.387685846301
2016,E02000037,-0.732056682167
2016,E02000036,-0.387685846301
2016,E02000035,-0.732056682167
2016,E02000034,0.212573951395
2016,E02000039,0.212573951395
2016,E02000038,0.274220536971
2016,E02000316,0.638428653892
2016,E02000317,-0.387685846301
2016,E02000314,0.212573951395
2016,E02000029,-0.0508902613988
2016,E02006791,0.494354584021
2016,E02006792,0.924500344023
2016,E02000315,-0.387685846301
2016,E02006794,0.0551394052299
2016,E02006795,-0.732056682167
2016,E02006796,-0.732056682167
2016,E02006798,0.638428653892
2016,E02000705,-0.18939531418
2016,E02000704,0.274220536971
2016,E02000259,-0.18939531418
2016,E02000258,0.419317579127
2016,E02000257,0.725914752473
2016,E02000047,-0.0508902613988
2016,E02000256,0.274220536971
2016,E02000107,0.55804860255
2016,E02000106,0.212573951395
2016,E02000105,-0.387685846301
2016,E02000104,-0.387685846301
2016,E02000103,0.140817832835
2016,E02000102,-2.15828978443
2016,E02000101,0.0551394052299
2016,E02000100,-0.0508902613988
2016,E02000536,-2.15828978443
2016,E02000537,-0.387685846301
2016,E02000534,0.212573951395
2016,E02000535,0.0551394052299
2016,E02000532,0.705724269333
2016,E02000533,0.662100935356
2016,E02000109,0.328201351478
2016,E02000108,-2.15828978443
2016,E02000044,-0.732056682167
2016,E02000251,-2.15828978443
2016,E02000299,-0.732056682167
2016,E02000250,-0.18939531418
2016,E02000747,1.26050621508
2016,E02000699,0.527406840673
2016,E02000698,0.274220536971
2016,E02000697,0.55804860255
2016,E02000696,-0.0508902613988
2016,E02000695,0.419317579127
2016,E02000694,0.376174939022
2016,E02000693,0.494354584021
2016,E02000692,0.613321527213
2016,E02000691,0.527406840673
2016,E02000690,0.274220536971
2016,E02006800,-0.387685846301
2016,E02006801,1.42414219005
2016,E02006802,1.31295540103
2016,E02000309,-2.15828978443
2016,E02000631,0.859152196953
2016,E02000219,-0.387685846301
2016,E02000218,-2.15828978443
2016,E02000749,0.586599912537
2016,E02000748,0.328201351478
2016,E02000630,0.781117700454
2016,E02000213,0.212573951395
2016,E02000212,-0.387685846301
2016,E02000211,-0.732056682167
2016,E02000746,0.376174939022
2016,E02000741,-0.0508902613988
2016,E02000740,0.527406840673
2016,E02000743,0.814156755255
2016,E02000742,-0.18939531418
2016,E02000190,1.3510762926
2016,E02000191,1.39299840385
2016,E02000192,1.32176303031
2016,E02000588,1.1875727243
2016,E02000626,0.797973228182
2016,E02000627,1.0566451162
2016,E02000624,0.924500344023
2016,E02000625,0.93638127045
2016,E02000583,1.07355579515
2016,E02000582,1.3510762926
2016,E02000628,0.912255297216
2016,E02000629,1.08976749643
2016,E02000587,1.02983207716
2016,E02000586,1.21151849536
2016,E02000585,1.15539333486
2016,E02000584,1.08976749643
2016,E02000965,1.19973113209
2016,E02000964,1.16858733774
2016,E02000967,1.27553855622
2016,E02000966,1.01088685694
2016,E02000961,0.947918613495
2016,E02000189,1.12030498886
2016,E02000963,0.924500344023
2016,E02000962,0.912255297216
2016,E02000842,-2.15828978443
2016,E02000843,-0.732056682167
2016,E02000840,-2.15828978443
2016,E02000188,1.17501975248
2016,E02000969,0.97003649668
2016,E02000968,1.22295630763
2016,E02000844,-2.15828978443
2016,E02000845,-0.387685846301
2016,E02000639,0.638428653892
2016,E02000760,-2.15828978443
2016,E02000638,0.924500344023
2016,E02000040,-0.387685846301
2016,E02000416,0.527406840673
2016,E02000447,-0.732056682167
2016,E02000444,-2.15828978443
2016,E02000445,-0.387685846301
2016,E02000442,-0.387685846301
2016,E02000443,0.274220536971
2016,E02000440,-0.18939531418
2016,E02000441,-0.732056682167
2016,E02000367,1.37451655764
2016,E02000366,1.03897411463
2016,E02000365,1.42080627699
2016,E02000364,1.27059303236
2016,E02000363,1.04790879952
2016,E02000362,0.797973228182
2016,E02000448,-0.387685846301
2016,E02000449,-2.15828978443
2016,E02000910,0.586599912537
2016,E02000603,-0.0508902613988
2016,E02000911,0.745156819823
2016,E02000046,0.376174939022
2016,E02000851,0.140817832835
2016,E02000850,-0.387685846301
2016,E02000121,-0.0508902613988
2016,E02000120,1.03897411463
2016,E02000123,0.745156819823
2016,E02000068,-0.387685846301
2016,E02000069,-2.15828978443
2016,E02000141,-0.387685846301
2016,E02000140,-2.15828978443
2016,E02000147,-0.387685846301
2016,E02000146,-0.18939531418
2016,E02000145,-0.732056682167
2016,E02000144,0.0551394052299
2016,E02000060,0.274220536971
2016,E02000061,0.886581065085
2016,E02000149,-2.15828978443
2016,E02000063,0.212573951395
2016,E02000064,0.212573951395
2016,E02000065,-0.732056682167
2016,E02000066,-0.387685846301
2016,E02000067,-0.387685846301
2016,E02000118,-2.15828978443
2016,E02000127,-0.732056682167
2016,E02000119,0.527406840673
2016,E02000126,0.494354584021
2016,E02000125,1.09762843474
2016,E02000706,-0.387685846301
2016,E02000128,-0.732056682167
2016,E02000552,0.140817832835
2016,E02000789,0.527406840673
2016,E02000553,-0.732056682167
2016,E02000788,0.55804860255
2016,E02000398,-0.387685846301
2016,E02000396,0.829718593924
2016,E02000397,0.212573951395
2016,E02000394,1.15539333486
2016,E02000395,0.705724269333
2016,E02000392,1.00106237497
2016,E02000220,0.419317579127
2016,E02000390,0.873100433279
2016,E02000391,0.899623714173
2016,E02000113,-0.18939531418
2016,E02000668,0.376174939022
2016,E02000669,0.662100935356
2016,E02000666,0.458493189977
2016,E02000667,0.140817832835
2016,E02000664,0.873100433279
2016,E02000665,0.328201351478
2016,E02000662,0.725914752473
2016,E02000663,0.527406840673
2016,E02000660,0.781117700454
2016,E02000661,0.55804860255
2016,E02000095,-0.732056682167
2016,E02000094,-0.18939531418
2016,E02000097,-0.18939531418
2016,E02000096,-0.732056682167
2016,E02000091,-0.387685846301
2016,E02000090,-0.387685846301
2016,E02000093,-2.15828978443
2016,E02000092,-2.15828978443
2016,E02000221,0.0551394052299
2016,E02000099,-0.0508902613988
2016,E02000098,0.0551394052299
2016,E02000549,0.0551394052299
2016,E02000548,-0.18939531418
2016,E02000806,0.212573951395
2016,E02000051,0.212573951395
2016,E02000804,0.212573951395
2016,E02000805,0.494354584021
2016,E02000802,-0.0508902613988
2016,E02000803,-0.18939531418
2016,E02000800,0.274220536971
2016,E02000050,0.0551394052299
2016,E02000053,0.662100935356
2016,E02000808,1.33037146214
2016,E02000809,1.41744051659
2016,E02006930,0.725914752473
2016,E02006931,0.886581065085
2016,E02000052,0.638428653892
2016,E02000955,0.458493189977
2016,E02000055,0.328201351478
2016,E02000956,0.376174939022
2016,E02000054,0.212573951395
2016,E02000482,-2.15828978443
2016,E02000483,-2.15828978443
2016,E02000329,-0.0508902613988
2016,E02000957,1.00106237497
2016,E02000486,-2.15828978443
2016,E02000487,-2.15828978443
2016,E02000484,-2.15828978443
2016,E02000142,-0.18939531418
2016,E02000895,-2.15828978443
2016,E02000894,0.829718593924
2016,E02000897,-2.15828978443
2016,E02000896,0.0551394052299
2016,E02000327,-0.18939531418
2016,E02000326,0.419317579127
2016,E02000893,0.797973228182
2016,E02000324,-0.0508902613988
2016,E02000240,-0.387685846301
2016,E02000241,-0.0508902613988
2016,E02000242,-0.732056682167
2016,E02000243,-0.387685846301
2016,E02000244,-0.18939531418
2016,E02000404,-0.18939531418
2016,E02000246,-0.387685846301
2016,E02000247,-2.15828978443
2016,E02000248,0.328201351478
2016,E02000249,-0.387685846301
2016,E02000718,-2.15828978443
2016,E02000405,0.684489846847
2016,E02000545,0.328201351478
2016,E02000938,0.419317579127
2016,E02000939,0.684489846847
2016,E02000335,-0.18939531418
2016,E02000932,1.08174547378
2016,E02000933,0.763533562988
2016,E02000930,1.02047308431
2016,E02000931,0.899623714173
2016,E02000936,0.494354584021
2016,E02000937,0.55804860255
2016,E02000934,0.924500344023
2016,E02000935,0.212573951395
2016,E02000714,0.419317579127
2016,E02000062,-0.732056682167
2016,E02000711,-0.0508902613988
2016,E02000148,-0.732056682167
2016,E02000650,0.458493189977
2016,E02000457,-0.0508902613988
2016,E02000489,-0.387685846301
2016,E02000456,-0.387685846301
2016,E02000439,-0.732056682167
2016,E02000438,-0.732056682167
2016,E02000437,-0.732056682167
2016,E02000436,-0.732056682167
2016,E02000435,-0.732056682167
2016,E02000434,-0.18939531418
2016,E02000433,-0.18939531418
2016,E02000432,0.684489846847
2016,E02000431,0.781117700454
2016,E02000430,0.684489846847
2016,E02000337,-0.732056682167
2016,E02000981,1.41404438217
2016,E02000980,1.1875727243
2016,E02000024,-0.387685846301
2016,E02000352,0.859152196953
2016,E02000026,-0.387685846301
2016,E02000027,-0.0508902613988
2016,E02000020,-0.18939531418
2016,E02000021,-0.387685846301
2016,E02000022,-0.387685846301
2016,E02000353,1.04790879952
2016,E02000542,-0.387685846301
2016,E02000717,0.0551394052299
2016,E02000028,-2.15828978443
2016,E02000350,0.859152196953
2016,E02000827,0.959131234675
2016,E02000540,-0.0508902613988
2016,E02000459,0.140817832835
2016,E02000821,0.844703656236
2016,E02000822,0.705724269333
2016,E02000371,1.74976163463
2016,E02000823,1.08174547378
2016,E02000331,0.376174939022
2016,E02000467,-0.732056682167
2016,E02000005,-2.15828978443
2016,E02000228,-0.732056682167
2016,E02000293,-2.15828978443
2016,E02000292,-0.18939531418
2016,E02000291,-0.732056682167
2016,E02000290,-0.387685846301
2016,E02000297,-0.732056682167
2016,E02000296,0.274220536971
2016,E02000295,0.0551394052299
2016,E02000294,-2.15828978443
2016,E02000110,0.705724269333
2016,E02000111,0.328201351478
2016,E02000112,0.328201351478
2016,E02000298,-0.732056682167
2016,E02000114,0.947918613495
2016,E02000115,0.763533562988
2016,E02000116,0.458493189977
2016,E02000117,0.705724269333
2016,E02000503,-2.15828978443
2016,E02000502,-0.732056682167
2016,E02000501,-0.387685846301
2016,E02000500,-0.387685846301
2016,E02000507,-0.387685846301
2016,E02000506,-0.732056682167
2016,E02000057,0.0551394052299
2016,E02000504,-0.732056682167
2016,E02000059,0.274220536971
2016,E02000058,0.662100935356
2016,E02000509,-0.18939531418
2016,E02000229,-2.15828978443
2016,E02000307,-0.387685846301
2016,E02000306,-0.387685846301
2016,E02000680,0.527406840673
2016,E02000681,0.140817832835
2016,E02000682,-0.18939531418
2016,E02000683,-0.387685846301
2016,E02000685,0.140817832835
2016,E02000686,0.0551394052299
2016,E02000687,0.55804860255
2016,E02000689,0.586599912537
2016,E02000302,-2.15828978443
2016,E02000008,-0.18939531418
2016,E02000417,0.55804860255
2016,E02000836,0.705724269333
2016,E02000208,-0.387685846301
2016,E02000209,-0.387685846301
2016,E02000758,-2.15828978443
2016,E02000759,0.140817832835
2016,E02000204,-0.18939531418
2016,E02000757,-0.0508902613988
2016,E02000206,-2.15828978443
2016,E02000207,-0.387685846301
2016,E02000200,-0.0508902613988
2016,E02000201,0.274220536971
2016,E02000750,1.00106237497
2016,E02000751,-0.732056682167
2016,E02000617,-0.732056682167
2016,E02000616,-2.15828978443
2016,E02000615,-2.15828978443
2016,E02000614,-2.15828978443
2016,E02000598,-0.0508902613988
2016,E02000599,-0.387685846301
2016,E02000611,-0.732056682167
2016,E02000610,0.140817832835
2016,E02000594,1.02047308431
2016,E02000595,1.01088685694
2016,E02000596,1.20566980626
2016,E02000597,0.959131234675
2016,E02000590,1.2395002521
2016,E02000056,0.212573951395
2016,E02000619,1.17501975248
2016,E02000593,1.24486044467
2016,E02000976,1.52027732973
2016,E02000977,1.72708417946
2016,E02000360,1.14173528008
2016,E02000975,1.53041067534
2016,E02000972,1.80447836658
2016,E02000973,1.43397591297
2016,E02000879,1.08976749643
2016,E02000878,1.63618648772
2016,E02000877,0.980650417408
2016,E02000876,1.29000277176
2016,E02000875,0.844703656236
2016,E02000874,1.04790879952
2016,E02000873,1.06519148228
2016,E02000872,1.59450582324
2016,E02000871,0.797973228182
2016,E02000870,1.08174547378
2016,E02000332,0.0551394052299
2016,E02000623,1.06519148228
2016,E02000333,0.274220536971
2016,E02000641,0.613321527213
2016,E02000235,-0.732056682167
2016,E02000479,-0.732056682167
2016,E02000478,-0.732056682167
2016,E02000234,-2.15828978443
2016,E02000473,-2.15828978443
2016,E02000472,-2.15828978443
2016,E02000471,-0.732056682167
2016,E02000470,-0.732056682167
2016,E02000477,-2.15828978443
2016,E02000476,-0.0508902613988
2016,E02000475,-0.732056682167
2016,E02000474,-0.387685846301
2016,E02000279,-0.387685846301
2016,E02000278,-2.15828978443
2016,E02000372,0.844703656236
2016,E02000373,0.328201351478
2016,E02000374,0.684489846847
2016,E02000375,0.947918613495
2016,E02000376,1.07355579515
2016,E02000377,0.829718593924
2016,E02000271,0.55804860255
2016,E02000270,0.140817832835
2016,E02000272,-0.387685846301
2016,E02000275,-0.0508902613988
2016,E02000274,0.140817832835
2016,E02000277,-2.15828978443
2016,E02000276,0.0551394052299
2016,E02000233,-2.15828978443
2016,E02000232,-2.15828978443
2016,E02000602,0.55804860255
2016,E02000621,1.27553855622
2016,E02006799,-2.15828978443
2016,E02000011,-0.387685846301
2016,E02000756,-0.0508902613988
2016,E02000421,0.613321527213
2016,E02000754,-0.732056682167
2016,E02000529,-0.732056682167
2016,E02000755,-2.15828978443
2016,E02000752,-0.387685846301
2016,E02000780,-0.0508902613988
2016,E02000753,-2.15828978443
2016,E02000154,-0.387685846301
2016,E02000155,-0.387685846301
2016,E02000156,-0.387685846301
2016,E02000157,-2.15828978443
2016,E02000019,-0.732056682167
2016,E02000018,-0.387685846301
2016,E02000152,-0.732056682167
2016,E02000153,-0.732056682167
2016,E02000015,-0.732056682167
2016,E02000014,-2.15828978443
2016,E02000017,-0.732056682167
2016,E02000203,-0.18939531418
2016,E02000158,-0.732056682167
2016,E02000159,-2.15828978443
2016,E02000013,-2.15828978443
2016,E02000012,-0.732056682167
2016,E02000308,0.0551394052299
2016,E02000393,0.886581065085
2016,E02000236,-2.15828978443
2016,E02000589,1.40366825544
2016,E02000613,-0.732056682167
2016,E02000612,0.140817832835
2016,E02000231,0.140817832835
2016,E02000202,-0.732056682167
2016,E02000762,-0.387685846301
2016,E02000558,0.781117700454
2016,E02000559,1.09762843474
2016,E02000651,0.458493189977
2016,E02000122,0.725914752473
2016,E02000657,1.10533448459
2016,E02000124,1.07355579515
2016,E02000655,0.705724269333
2016,E02000654,0.725914752473
2016,E02000550,-0.732056682167
2016,E02000551,-0.732056682167
2016,E02000659,0.419317579127
2016,E02000658,0.959131234675
2016,E02000554,0.705724269333
2016,E02000555,0.781117700454
2016,E02000556,0.899623714173
2016,E02000591,1.21151849536
2016,E02000086,-2.15828978443
2016,E02000087,-0.732056682167
2016,E02000084,-0.732056682167
2016,E02000085,-0.732056682167
2016,E02000082,-2.15828978443
2016,E02000592,1.14862429622
2016,E02000080,-0.732056682167
2016,E02000081,-2.15828978443
2016,E02006882,-2.15828978443
2016,E02000544,-0.0508902613988
2016,E02000088,-0.732056682167
2016,E02000089,-0.387685846301
2016,E02000974,1.29000277176
2016,E02000488,-0.387685846301
2016,E02000547,-2.15828978443
2016,E02000339,-0.18939531418
2016,E02000888,1.15539333486
2016,E02000546,-0.387685846301
2016,E02000334,-0.18939531418
2016,E02000887,0.97003649668
2016,E02000884,1.56612116836
2016,E02000885,1.16204640964
2016,E02000882,1.1275801956
2016,E02000883,0.613321527213
2016,E02000880,1.2395002521
2016,E02000881,0.586599912537
2016,E02000727,-0.732056682167
2016,E02000726,1.0566451162
2016,E02000725,0.781117700454
2016,E02000724,-0.18939531418
2016,E02000723,-0.732056682167
2016,E02000722,0.55804860255
2016,E02000721,0.274220536971
2016,E02000720,0.140817832835
2016,E02000543,0.0551394052299
2016,E02000239,-0.387685846301
2016,E02000238,-2.15828978443
2016,E02000729,0.419317579127
2016,E02000728,-0.732056682167
2016,E02000541,-2.15828978443
2016,E02000909,0.274220536971
2016,E02000908,0.638428653892
2016,E02000907,0.328201351478
2016,E02000906,0.458493189977
2016,E02000905,0.274220536971
2016,E02000904,-0.18939531418
2016,E02000903,0.212573951395
2016,E02000902,-0.18939531418
2016,E02000901,-0.732056682167
2016,E02000900,-0.387685846301
2016,E02000411,0.705724269333
2016,E02000978,0.990987804755
2016,E02000410,0.613321527213
2016,E02000979,1.21151849536
2016,E02000941,0.527406840673
2016,E02000856,-0.732056682167
2016,E02000412,0.274220536971
2016,E02000538,-0.18939531418
2016,E02000415,0.527406840673
2016,E02000848,-2.15828978443
2016,E02000414,0.458493189977
2016,E02000420,0.763533562988
2016,E02000083,-2.15828978443
2016,E02000422,0.0551394052299
2016,E02000423,0.419317579127
2016,E02000424,0.725914752473
2016,E02000425,0.274220536971
2016,E02000426,0.55804860255
2016,E02000427,0.705724269333
2016,E02000833,0.638428653892
2016,E02000832,0.419317579127
2016,E02000831,0.93638127045
2016,E02000830,0.912255297216
2016,E02000345,0.212573951395
2016,E02000344,-0.732056682167
2016,E02000347,0.527406840673
2016,E02000346,0.458493189977
2016,E02000807,0.912255297216
2016,E02000513,-0.732056682167
2016,E02000530,-2.15828978443
2016,E02000531,0.419317579127
2016,E02000304,0.0551394052299
2016,E02000970,1.21727982478
2016,E02000348,0.0551394052299
2016,E02000801,-0.18939531418
2016,E02000839,0.376174939022
2016,E02000838,0.662100935356
2016,E02000653,0.814156755255
2016,E02000971,1.40715881417
2016,E02000370,1.2804209944
2016,E02000341,-0.732056682167
2016,E02000959,0.0551394052299
2016,E02000284,-0.387685846301
2016,E02000428,0.705724269333
2016,E02000286,0.140817832835
2016,E02000287,-0.18939531418
2016,E02000280,-2.15828978443
2016,E02000281,-2.15828978443
2016,E02000282,-2.15828978443
2016,E02000429,0.763533562988
2016,E02000165,-0.387685846301
2016,E02000167,0.873100433279
2016,E02000166,0.662100935356
2016,E02000288,-0.732056682167
2016,E02000160,-0.387685846301
2016,E02000163,-0.732056682167
2016,E02000162,-0.732056682167
2016,E02000514,-0.387685846301
2016,E02000515,0.376174939022
2016,E02000516,-0.18939531418
2016,E02000517,-0.387685846301
2016,E02000510,-0.732056682167
2016,E02000511,-2.15828978443
2016,E02000512,-0.387685846301
2016,E02000340,0.0551394052299
2016,E02000837,0.613321527213
2016,E02000048,0.328201351478
2016,E02000049,-0.732056682167
2016,E02000518,-0.732056682167
2016,E02000519,-0.18939531418
2016,E02000267,0.0551394052299
2016,E02000835,0.527406840673
2016,E02000834,0.705724269333
2016,E02000343,-0.732056682167
2016,E02006793,-0.0508902613988
2016,E02000652,0.0551394052299
2016,E02000078,-2.15828978443
2016,E02000763,-0.0508902613988
2016,E02000609,-0.732056682167
2016,E02000342,-2.15828978443
2016,E02000767,-2.15828978443
2016,E02000954,0.212573951395
2016,E02000765,-0.18939531418
2016,E02000764,-0.0508902613988
2016,E02000600,0.212573951395
2016,E02000601,0.527406840673
2016,E02000769,-0.732056682167
2016,E02000768,0.274220536971
2016,E02000604,0.274220536971
2016,E02000605,-2.15828978443
2016,E02000606,0.613321527213
2016,E02000607,0.0551394052299
2016,E02000561,0.912255297216
2016,E02000560,0.873100433279
2016,E02000563,0.797973228182
2016,E02000562,1.01088685694
2016,E02000565,1.08174547378
2016,E02000564,1.18134711488
2016,E02000567,1.20566980626
2016,E02000566,1.16204640964
2016,E02000569,1.17501975248
2016,E02000568,1.08174547378
2016,E02006836,-0.732056682167
2016,E02000860,-0.732056682167
2016,E02000861,-0.732056682167
2016,E02000863,-0.732056682167
2016,E02000864,0.912255297216
2016,E02000865,1.04790879952
2016,E02000866,1.02983207716
2016,E02000867,1.08174547378
2016,E02000868,1.2804209944
2016,E02000869,1.43072651413
2016,E02000783,-2.15828978443
2016,E02000782,-0.387685846301
2016,E02000785,0.797973228182
2016,E02000784,0.613321527213
2016,E02000787,0.859152196953
2016,E02000786,0.613321527213
2016,E02000378,0.93638127045
2016,E02006918,0.781117700454
2016,E02000328,0.684489846847
2016,E02000379,0.705724269333
2016,E02000899,-0.387685846301
2016,E02000898,-2.15828978443
2016,E02000983,1.12030498886
2016,E02000468,-0.732056682167
2016,E02000469,-2.15828978443
2016,E02000464,-2.15828978443
2016,E02000465,-0.387685846301
2016,E02000466,-2.15828978443
2016,E02000485,-0.732056682167
2016,E02000460,-0.732056682167
2016,E02000461,-0.18939531418
2016,E02000462,-0.0508902613988
2016,E02000463,-0.732056682167
2016,E02000305,0.274220536971
2016,E02000323,0.212573951395
2016,E02000268,0.613321527213
2016,E02000269,0.419317579127
2016,E02000301,-0.732056682167
2016,E02000300,-0.732056682167
2016,E02000303,-0.732056682167
2016,E02000781,0.0551394052299
2016,E02000262,0.328201351478
2016,E02000263,-0.732056682167
2016,E02000260,-2.15828978443
2016,E02000261,0.781117700454
2016,E02000266,-2.15828978443
2016,E02000321,0.212573951395
2016,E02000264,0.781117700454
2016,E02000265,0.684489846847
2016,E02000481,-2.15828978443
2016,E02000982,1.08174547378
2016,E02000320,-0.387685846301
2016,E02000891,1.34702466831
2016,E02000890,0.959131234675
2016,E02000950,0.494354584021
2016,E02000712,-0.18939531418
2016,E02000633,1.15539333486
2016,E02000713,0.0551394052299
2016,E02000710,0.0551394052299
2016,E02000419,0.613321527213
2016,E02000418,0.328201351478
2016,E02000949,0.705724269333
2016,E02000948,0.829718593924
2016,E02000943,0.613321527213
2016,E02000716,-0.0508902613988
2016,E02000413,0.419317579127
2016,E02000951,0.494354584021
2016,E02000947,0.829718593924
2016,E02000946,0.328201351478
2016,E02000945,-0.0508902613988
2016,E02000944,0.328201351478
2016,E02000632,0.959131234675
2016,E02000942,0.873100433279
2016,E02000889,1.1275801956
2016,E02000715,-0.18939531418
2016,E02000620,1.29000277176
2016,E02000009,-2.15828978443
2016,E02000007,-2.15828978443
2016,E02000004,-2.15828978443
2016,E02006854,1.09762843474
2016,E02000002,-2.15828978443
2016,E02000003,-0.387685846301
2016,E02000001,1.45900531621
2016,E02000635,1.02983207716
2016,E02000719,0.684489846847
2016,E02000886,0.781117700454
2016,E02000622,1.0566451162
2016,E02000237,-2.15828978443
2016,E02000745,-0.0508902613988
2016,E02000508,-0.387685846301
2016,E02006789,-0.387685846301
2016,E02006788,-0.387685846301
2016,E02006787,-0.732056682167
2016,E02006786,-0.732056682167
2016,E02006785,-0.732056682167
2016,E02006784,-0.18939531418
2016,E02006783,0.0551394052299
2016,E02006782,-0.18939531418
2016,E02000634,0.859152196953
