2015,E02000608,-1.05796968326
2015,E02000210,0.781917018154
2015,E02000217,-1.05796968326
2015,E02000216,0.781917018154
2015,E02000215,0.890576440043
2015,E02000214,-1.05796968326
2015,E02000132,-1.05796968326
2015,E02000133,-1.05796968326
2015,E02000130,-1.05796968326
2015,E02000131,0.890576440043
2015,E02000136,-1.05796968326
2015,E02000137,0.781917018154
2015,E02000134,-1.05796968326
2015,E02000135,-1.05796968326
2015,E02000525,-1.05796968326
2015,E02000524,-1.05796968326
2015,E02000138,-1.05796968326
2015,E02000139,-1.05796968326
2015,E02000521,0.781917018154
2015,E02000520,0.890576440043
2015,E02000523,-1.05796968326
2015,E02000522,-1.05796968326
2015,E02000193,1.16374549262
2015,E02000194,0.781917018154
2015,E02000195,0.781917018154
2015,E02000196,-1.05796968326
2015,E02000480,-1.05796968326
2015,E02000197,-1.05796968326
2015,E02000198,-1.05796968326
2015,E02000368,1.13073702975
2015,E02000199,-1.05796968326
2015,E02000770,-1.05796968326
2015,E02000245,-1.05796968326
2015,E02000581,1.06490081054
2015,E02000738,-1.05796968326
2015,E02000739,0.781917018154
2015,E02000580,1.13879886639
2015,E02000730,-1.05796968326
2015,E02000731,-1.05796968326
2015,E02000732,-1.05796968326
2015,E02000733,-1.05796968326
2015,E02000734,-1.05796968326
2015,E02000735,0.781917018154
2015,E02000736,-1.05796968326
2015,E02000737,-1.05796968326
2015,E02000226,-1.05796968326
2015,E02000227,-1.05796968326
2015,E02000224,-1.05796968326
2015,E02000225,-1.05796968326
2015,E02000222,-1.05796968326
2015,E02000223,-1.05796968326
2015,E02000637,0.979410441721
2015,E02000636,0.890576440043
2015,E02000187,1.06490081054
2015,E02000186,0.944587046813
2015,E02000185,0.944587046813
2015,E02000184,1.08364198882
2015,E02000183,1.08364198882
2015,E02000182,1.04018139342
2015,E02000181,1.04018139342
2015,E02000180,1.09862116613
2015,E02000859,-1.05796968326
2015,E02000858,-1.05796968326
2015,E02000912,0.890576440043
2015,E02000913,0.781917018154
2015,E02000914,0.890576440043
2015,E02000915,0.781917018154
2015,E02000916,0.944587046813
2015,E02000917,0.890576440043
2015,E02000918,0.979410441721
2015,E02000919,0.979410441721
2015,E02000853,-1.05796968326
2015,E02000852,0.781917018154
2015,E02000855,-1.05796968326
2015,E02000854,0.781917018154
2015,E02000857,-1.05796968326
2015,E02000779,-1.05796968326
2015,E02000849,-1.05796968326
2015,E02000960,-1.05796968326
2015,E02000455,-1.05796968326
2015,E02000454,-1.05796968326
2015,E02000358,1.13879886639
2015,E02000359,1.00466826442
2015,E02000451,-1.05796968326
2015,E02000829,0.890576440043
2015,E02000453,-1.05796968326
2015,E02000452,0.781917018154
2015,E02000824,0.890576440043
2015,E02000825,0.781917018154
2015,E02000826,0.944587046813
2015,E02000351,1.08364198882
2015,E02000356,1.07484595739
2015,E02000357,-1.05796968326
2015,E02000354,1.02427422799
2015,E02000355,1.12158441727
2015,E02000644,0.944587046813
2015,E02000841,-1.05796968326
2015,E02000645,-1.05796968326
2015,E02000846,-1.05796968326
2015,E02000646,0.781917018154
2015,E02000847,-1.05796968326
2015,E02000647,-1.05796968326
2015,E02000640,-1.05796968326
2015,E02000528,0.944587046813
2015,E02000539,0.781917018154
2015,E02000642,0.979410441721
2015,E02000285,0.781917018154
2015,E02000643,0.979410441721
2015,E02000169,1.00466826442
2015,E02000168,1.09862116613
2015,E02000526,0.890576440043
2015,E02000648,0.781917018154
2015,E02000283,-1.05796968326
2015,E02000817,-1.05796968326
2015,E02000649,0.944587046813
2015,E02000799,0.890576440043
2015,E02000178,0.979410441721
2015,E02000179,0.979410441721
2015,E02000176,1.04018139342
2015,E02000177,0.944587046813
2015,E02000174,1.10509512342
2015,E02000175,1.05349584887
2015,E02000172,0.979410441721
2015,E02000173,1.05349584887
2015,E02000170,0.979410441721
2015,E02000171,0.944587046813
2015,E02000077,-1.05796968326
2015,E02000075,-1.05796968326
2015,E02000074,-1.05796968326
2015,E02000073,-1.05796968326
2015,E02000072,-1.05796968326
2015,E02000071,-1.05796968326
2015,E02000070,-1.05796968326
2015,E02000161,0.781917018154
2015,E02000079,-1.05796968326
2015,E02000289,-1.05796968326
2015,E02000557,1.02427422799
2015,E02000230,-1.05796968326
2015,E02000042,-1.05796968326
2015,E02000043,-1.05796968326
2015,E02006853,1.09862116613
2015,E02000819,0.781917018154
2015,E02000820,1.04018139342
2015,E02000818,0.979410441721
2015,E02000041,-1.05796968326
2015,E02000389,0.979410441721
2015,E02000388,1.06490081054
2015,E02000385,1.06490081054
2015,E02000384,1.04018139342
2015,E02000387,0.890576440043
2015,E02000386,1.04018139342
2015,E02000381,0.979410441721
2015,E02000380,1.04018139342
2015,E02000383,1.07484595739
2015,E02000382,1.00466826442
2015,E02000774,-1.05796968326
2015,E02000776,-1.05796968326
2015,E02000777,0.781917018154
2015,E02000679,-1.05796968326
2015,E02000678,-1.05796968326
2015,E02000772,-1.05796968326
2015,E02000773,-1.05796968326
2015,E02000675,-1.05796968326
2015,E02000674,-1.05796968326
2015,E02000677,0.781917018154
2015,E02000676,0.781917018154
2015,E02000671,0.944587046813
2015,E02000670,-1.05796968326
2015,E02000673,0.781917018154
2015,E02000672,-1.05796968326
2015,E02000572,1.09151198141
2015,E02000573,1.12158441727
2015,E02000570,1.05349584887
2015,E02000571,1.07484595739
2015,E02000576,1.11103139102
2015,E02000577,1.07484595739
2015,E02000574,1.12631379882
2015,E02000575,1.11103139102
2015,E02000150,-1.05796968326
2015,E02000578,1.04018139342
2015,E02000579,1.05349584887
2015,E02000151,-1.05796968326
2015,E02000815,0.979410441721
2015,E02000814,1.02427422799
2015,E02000798,0.979410441721
2015,E02000816,0.781917018154
2015,E02000045,-1.05796968326
2015,E02000810,1.06490081054
2015,E02000813,-1.05796968326
2015,E02000812,0.944587046813
2015,E02000792,0.979410441721
2015,E02000793,0.781917018154
2015,E02000790,0.979410441721
2015,E02000791,0.781917018154
2015,E02000796,-1.05796968326
2015,E02000797,1.04018139342
2015,E02000794,0.944587046813
2015,E02000795,0.781917018154
2015,E02006929,0.890576440043
2015,E02006928,0.979410441721
2015,E02006927,0.781917018154
2015,E02006925,-1.05796968326
2015,E02006924,-1.05796968326
2015,E02006921,-1.05796968326
2015,E02000491,-1.05796968326
2015,E02000490,-1.05796968326
2015,E02000493,-1.05796968326
2015,E02000492,-1.05796968326
2015,E02000495,-1.05796968326
2015,E02000494,-1.05796968326
2015,E02000497,-1.05796968326
2015,E02000496,-1.05796968326
2015,E02000499,-1.05796968326
2015,E02000498,-1.05796968326
2015,E02000010,-1.05796968326
2015,E02000701,-1.05796968326
2015,E02000700,0.781917018154
2015,E02000703,0.781917018154
2015,E02000702,-1.05796968326
2015,E02000312,0.781917018154
2015,E02000313,-1.05796968326
2015,E02000707,-1.05796968326
2015,E02000311,-1.05796968326
2015,E02000709,0.781917018154
2015,E02000708,0.781917018154
2015,E02000255,-1.05796968326
2015,E02000254,-1.05796968326
2015,E02000253,-1.05796968326
2015,E02000252,0.944587046813
2015,E02000318,0.781917018154
2015,E02000319,0.890576440043
2015,E02000929,0.890576440043
2015,E02000928,-1.05796968326
2015,E02000369,1.14598895197
2015,E02000921,-1.05796968326
2015,E02000920,0.944587046813
2015,E02000923,1.09151198141
2015,E02000922,0.944587046813
2015,E02000925,1.00466826442
2015,E02000924,1.06490081054
2015,E02000927,0.979410441721
2015,E02000926,1.02427422799
2015,E02000016,0.890576440043
2015,E02000828,0.781917018154
2015,E02000025,0.781917018154
2015,E02000744,-1.05796968326
2015,E02000940,1.05349584887
2015,E02000408,-1.05796968326
2015,E02000409,-1.05796968326
2015,E02000958,-1.05796968326
2015,E02000361,1.07484595739
2015,E02000402,0.781917018154
2015,E02000403,0.781917018154
2015,E02000400,1.00466826442
2015,E02000401,-1.05796968326
2015,E02000406,-1.05796968326
2015,E02000407,0.781917018154
2015,E02000952,0.781917018154
2015,E02000953,0.890576440043
2015,E02000023,-1.05796968326
2015,E02000033,-1.05796968326
2015,E02000032,-1.05796968326
2015,E02000031,-1.05796968326
2015,E02000030,-1.05796968326
2015,E02000037,-1.05796968326
2015,E02000036,-1.05796968326
2015,E02000035,0.890576440043
2015,E02000034,-1.05796968326
2015,E02000039,-1.05796968326
2015,E02000038,-1.05796968326
2015,E02000316,0.781917018154
2015,E02000317,-1.05796968326
2015,E02000314,0.781917018154
2015,E02000029,0.781917018154
2015,E02006791,1.02427422799
2015,E02006792,0.890576440043
2015,E02000315,-1.05796968326
2015,E02006794,0.781917018154
2015,E02006795,-1.05796968326
2015,E02006796,0.781917018154
2015,E02006798,0.781917018154
2015,E02000705,-1.05796968326
2015,E02000704,0.890576440043
2015,E02000259,0.890576440043
2015,E02000258,0.781917018154
2015,E02000257,1.00466826442
2015,E02000047,0.890576440043
2015,E02000256,0.781917018154
2015,E02000107,1.02427422799
2015,E02000106,-1.05796968326
2015,E02000105,-1.05796968326
2015,E02000104,-1.05796968326
2015,E02000103,0.890576440043
2015,E02000102,-1.05796968326
2015,E02000101,-1.05796968326
2015,E02000100,-1.05796968326
2015,E02000536,-1.05796968326
2015,E02000537,0.781917018154
2015,E02000534,0.781917018154
2015,E02000535,-1.05796968326
2015,E02000532,0.944587046813
2015,E02000533,0.944587046813
2015,E02000109,-1.05796968326
2015,E02000108,-1.05796968326
2015,E02000044,-1.05796968326
2015,E02000251,0.781917018154
2015,E02000299,-1.05796968326
2015,E02000250,0.890576440043
2015,E02000747,1.00466826442
2015,E02000699,1.00466826442
2015,E02000698,-1.05796968326
2015,E02000697,1.02427422799
2015,E02000696,-1.05796968326
2015,E02000695,-1.05796968326
2015,E02000694,0.944587046813
2015,E02000693,0.979410441721
2015,E02000692,0.979410441721
2015,E02000691,1.00466826442
2015,E02000690,0.979410441721
2015,E02006800,-1.05796968326
2015,E02006801,1.07484595739
2015,E02006802,1.08364198882
2015,E02000309,-1.05796968326
2015,E02000631,0.944587046813
2015,E02000219,0.781917018154
2015,E02000218,-1.05796968326
2015,E02000749,-1.05796968326
2015,E02000748,-1.05796968326
2015,E02000630,0.979410441721
2015,E02000213,-1.05796968326
2015,E02000212,-1.05796968326
2015,E02000211,-1.05796968326
2015,E02000746,0.890576440043
2015,E02000741,0.781917018154
2015,E02000740,-1.05796968326
2015,E02000743,0.781917018154
2015,E02000742,-1.05796968326
2015,E02000190,1.07484595739
2015,E02000191,1.10509512342
2015,E02000192,1.07484595739
2015,E02000588,1.09151198141
2015,E02000626,-1.05796968326
2015,E02000627,1.02427422799
2015,E02000624,1.02427422799
2015,E02000625,1.06490081054
2015,E02000583,1.02427422799
2015,E02000582,1.09151198141
2015,E02000628,0.781917018154
2015,E02000629,1.06490081054
2015,E02000587,1.02427422799
2015,E02000586,1.00466826442
2015,E02000585,1.11103139102
2015,E02000584,1.00466826442
2015,E02000965,1.05349584887
2015,E02000964,1.04018139342
2015,E02000967,1.07484595739
2015,E02000966,1.04018139342
2015,E02000961,1.07484595739
2015,E02000189,1.00466826442
2015,E02000963,0.944587046813
2015,E02000962,0.944587046813
2015,E02000842,-1.05796968326
2015,E02000843,-1.05796968326
2015,E02000840,-1.05796968326
2015,E02000188,0.979410441721
2015,E02000969,1.02427422799
2015,E02000968,1.00466826442
2015,E02000844,-1.05796968326
2015,E02000845,-1.05796968326
2015,E02000639,0.781917018154
2015,E02000760,-1.05796968326
2015,E02000638,0.979410441721
2015,E02000040,-1.05796968326
2015,E02000416,-1.05796968326
2015,E02000447,-1.05796968326
2015,E02000444,-1.05796968326
2015,E02000445,-1.05796968326
2015,E02000442,-1.05796968326
2015,E02000443,-1.05796968326
2015,E02000440,0.781917018154
2015,E02000441,-1.05796968326
2015,E02000367,1.16374549262
2015,E02000366,1.05349584887
2015,E02000365,1.16627728292
2015,E02000364,1.15835545264
2015,E02000363,1.09151198141
2015,E02000362,0.781917018154
2015,E02000448,-1.05796968326
2015,E02000449,0.781917018154
2015,E02000910,0.781917018154
2015,E02000603,-1.05796968326
2015,E02000911,0.944587046813
2015,E02000046,0.781917018154
2015,E02000851,-1.05796968326
2015,E02000850,-1.05796968326
2015,E02000121,-1.05796968326
2015,E02000120,1.05349584887
2015,E02000123,1.06490081054
2015,E02000068,0.781917018154
2015,E02000069,-1.05796968326
2015,E02000141,-1.05796968326
2015,E02000140,-1.05796968326
2015,E02000147,-1.05796968326
2015,E02000146,-1.05796968326
2015,E02000145,-1.05796968326
2015,E02000144,0.890576440043
2015,E02000060,0.781917018154
2015,E02000061,0.979410441721
2015,E02000149,-1.05796968326
2015,E02000063,0.781917018154
2015,E02000064,-1.05796968326
2015,E02000065,-1.05796968326
2015,E02000066,-1.05796968326
2015,E02000067,0.781917018154
2015,E02000118,-1.05796968326
2015,E02000127,-1.05796968326
2015,E02000119,0.781917018154
2015,E02000126,0.944587046813
2015,E02000125,1.06490081054
2015,E02000706,-1.05796968326
2015,E02000128,-1.05796968326
2015,E02000552,-1.05796968326
2015,E02000789,0.944587046813
2015,E02000553,-1.05796968326
2015,E02000788,0.890576440043
2015,E02000398,-1.05796968326
2015,E02000396,0.890576440043
2015,E02000397,-1.05796968326
2015,E02000394,1.10509512342
2015,E02000395,0.944587046813
2015,E02000392,0.890576440043
2015,E02000220,0.781917018154
2015,E02000390,1.06490081054
2015,E02000391,0.979410441721
2015,E02000113,-1.05796968326
2015,E02000668,-1.05796968326
2015,E02000669,0.890576440043
2015,E02000666,0.890576440043
2015,E02000667,-1.05796968326
2015,E02000664,1.00466826442
2015,E02000665,-1.05796968326
2015,E02000662,1.00466826442
2015,E02000663,0.781917018154
2015,E02000660,0.781917018154
2015,E02000661,0.781917018154
2015,E02000095,-1.05796968326
2015,E02000094,-1.05796968326
2015,E02000097,-1.05796968326
2015,E02000096,0.781917018154
2015,E02000091,-1.05796968326
2015,E02000090,-1.05796968326
2015,E02000093,-1.05796968326
2015,E02000092,-1.05796968326
2015,E02000221,-1.05796968326
2015,E02000099,-1.05796968326
2015,E02000098,-1.05796968326
2015,E02000549,-1.05796968326
2015,E02000548,-1.05796968326
2015,E02000806,0.781917018154
2015,E02000051,-1.05796968326
2015,E02000804,-1.05796968326
2015,E02000805,0.781917018154
2015,E02000802,-1.05796968326
2015,E02000803,-1.05796968326
2015,E02000800,-1.05796968326
2015,E02000050,0.781917018154
2015,E02000053,0.781917018154
2015,E02000808,1.07484595739
2015,E02000809,1.05349584887
2015,E02006930,0.890576440043
2015,E02006931,1.00466826442
2015,E02000052,1.02427422799
2015,E02000955,-1.05796968326
2015,E02000055,-1.05796968326
2015,E02000956,0.781917018154
2015,E02000054,0.781917018154
2015,E02000482,-1.05796968326
2015,E02000483,-1.05796968326
2015,E02000329,-1.05796968326
2015,E02000957,0.979410441721
2015,E02000486,-1.05796968326
2015,E02000487,-1.05796968326
2015,E02000484,-1.05796968326
2015,E02000142,-1.05796968326
2015,E02000895,-1.05796968326
2015,E02000894,0.979410441721
2015,E02000897,-1.05796968326
2015,E02000896,-1.05796968326
2015,E02000327,0.781917018154
2015,E02000326,-1.05796968326
2015,E02000893,0.781917018154
2015,E02000324,-1.05796968326
2015,E02000240,-1.05796968326
2015,E02000241,-1.05796968326
2015,E02000242,-1.05796968326
2015,E02000243,-1.05796968326
2015,E02000244,-1.05796968326
2015,E02000404,0.944587046813
2015,E02000246,-1.05796968326
2015,E02000247,-1.05796968326
2015,E02000248,-1.05796968326
2015,E02000249,-1.05796968326
2015,E02000718,0.781917018154
2015,E02000405,0.890576440043
2015,E02000545,0.781917018154
2015,E02000938,-1.05796968326
2015,E02000939,0.781917018154
2015,E02000335,-1.05796968326
2015,E02000932,1.05349584887
2015,E02000933,0.890576440043
2015,E02000930,1.04018139342
2015,E02000931,0.944587046813
2015,E02000936,0.781917018154
2015,E02000937,1.00466826442
2015,E02000934,1.04018139342
2015,E02000935,-1.05796968326
2015,E02000714,0.944587046813
2015,E02000062,-1.05796968326
2015,E02000711,-1.05796968326
2015,E02000148,-1.05796968326
2015,E02000650,0.781917018154
2015,E02000457,-1.05796968326
2015,E02000489,-1.05796968326
2015,E02000456,-1.05796968326
2015,E02000439,-1.05796968326
2015,E02000438,-1.05796968326
2015,E02000437,-1.05796968326
2015,E02000436,-1.05796968326
2015,E02000435,-1.05796968326
2015,E02000434,-1.05796968326
2015,E02000433,-1.05796968326
2015,E02000432,1.07484595739
2015,E02000431,1.04018139342
2015,E02000430,1.06490081054
2015,E02000337,-1.05796968326
2015,E02000981,1.06490081054
2015,E02000980,0.890576440043
2015,E02000024,0.781917018154
2015,E02000352,0.979410441721
2015,E02000026,0.781917018154
2015,E02000027,0.781917018154
2015,E02000020,-1.05796968326
2015,E02000021,-1.05796968326
2015,E02000022,-1.05796968326
2015,E02000353,1.13073702975
2015,E02000542,-1.05796968326
2015,E02000717,0.890576440043
2015,E02000028,0.781917018154
2015,E02000350,1.04018139342
2015,E02000827,0.781917018154
2015,E02000540,-1.05796968326
2015,E02000459,-1.05796968326
2015,E02000821,0.979410441721
2015,E02000822,0.979410441721
2015,E02000371,1.16627728292
2015,E02000823,0.944587046813
2015,E02000331,-1.05796968326
2015,E02000467,-1.05796968326
2015,E02000005,-1.05796968326
2015,E02000228,-1.05796968326
2015,E02000293,-1.05796968326
2015,E02000292,0.781917018154
2015,E02000291,-1.05796968326
2015,E02000290,-1.05796968326
2015,E02000297,-1.05796968326
2015,E02000296,-1.05796968326
2015,E02000295,-1.05796968326
2015,E02000294,-1.05796968326
2015,E02000110,1.08364198882
2015,E02000111,-1.05796968326
2015,E02000112,-1.05796968326
2015,E02000298,0.781917018154
2015,E02000114,1.14249175077
2015,E02000115,0.890576440043
2015,E02000116,1.04018139342
2015,E02000117,0.944587046813
2015,E02000503,-1.05796968326
2015,E02000502,0.781917018154
2015,E02000501,0.781917018154
2015,E02000500,-1.05796968326
2015,E02000507,-1.05796968326
2015,E02000506,0.781917018154
2015,E02000057,-1.05796968326
2015,E02000504,-1.05796968326
2015,E02000059,0.979410441721
2015,E02000058,0.781917018154
2015,E02000509,-1.05796968326
2015,E02000229,-1.05796968326
2015,E02000307,-1.05796968326
2015,E02000306,-1.05796968326
2015,E02000680,0.890576440043
2015,E02000681,0.781917018154
2015,E02000682,-1.05796968326
2015,E02000683,-1.05796968326
2015,E02000685,0.944587046813
2015,E02000686,0.781917018154
2015,E02000687,0.781917018154
2015,E02000689,1.02427422799
2015,E02000302,-1.05796968326
2015,E02000008,-1.05796968326
2015,E02000417,0.890576440043
2015,E02000836,0.890576440043
2015,E02000208,-1.05796968326
2015,E02000209,-1.05796968326
2015,E02000758,-1.05796968326
2015,E02000759,0.944587046813
2015,E02000204,-1.05796968326
2015,E02000757,-1.05796968326
2015,E02000206,-1.05796968326
2015,E02000207,-1.05796968326
2015,E02000200,0.781917018154
2015,E02000201,0.781917018154
2015,E02000750,1.09862116613
2015,E02000751,0.781917018154
2015,E02000617,-1.05796968326
2015,E02000616,-1.05796968326
2015,E02000615,-1.05796968326
2015,E02000614,-1.05796968326
2015,E02000598,-1.05796968326
2015,E02000599,-1.05796968326
2015,E02000611,-1.05796968326
2015,E02000610,-1.05796968326
2015,E02000594,0.781917018154
2015,E02000595,1.07484595739
2015,E02000596,1.11103139102
2015,E02000597,1.00466826442
2015,E02000590,1.08364198882
2015,E02000056,0.890576440043
2015,E02000619,1.04018139342
2015,E02000593,1.10509512342
2015,E02000976,1.15547901852
2015,E02000977,1.16374549262
2015,E02000360,1.11650714131
2015,E02000975,1.09151198141
2015,E02000972,1.17105284266
2015,E02000973,1.15547901852
2015,E02000879,0.944587046813
2015,E02000878,1.09151198141
2015,E02000877,1.06490081054
2015,E02000876,1.04018139342
2015,E02000875,0.944587046813
2015,E02000874,0.781917018154
2015,E02000873,1.04018139342
2015,E02000872,1.09862116613
2015,E02000871,-1.05796968326
2015,E02000870,0.944587046813
2015,E02000332,0.890576440043
2015,E02000623,1.02427422799
2015,E02000333,-1.05796968326
2015,E02000641,1.00466826442
2015,E02000235,-1.05796968326
2015,E02000479,-1.05796968326
2015,E02000478,-1.05796968326
2015,E02000234,-1.05796968326
2015,E02000473,0.890576440043
2015,E02000472,-1.05796968326
2015,E02000471,-1.05796968326
2015,E02000470,0.781917018154
2015,E02000477,-1.05796968326
2015,E02000476,0.781917018154
2015,E02000475,-1.05796968326
2015,E02000474,-1.05796968326
2015,E02000279,-1.05796968326
2015,E02000278,-1.05796968326
2015,E02000372,0.944587046813
2015,E02000373,0.781917018154
2015,E02000374,0.979410441721
2015,E02000375,1.04018139342
2015,E02000376,1.05349584887
2015,E02000377,0.979410441721
2015,E02000271,0.944587046813
2015,E02000270,0.781917018154
2015,E02000272,0.890576440043
2015,E02000275,-1.05796968326
2015,E02000274,-1.05796968326
2015,E02000277,-1.05796968326
2015,E02000276,0.781917018154
2015,E02000233,-1.05796968326
2015,E02000232,-1.05796968326
2015,E02000602,0.781917018154
2015,E02000621,1.11650714131
2015,E02006799,-1.05796968326
2015,E02000011,-1.05796968326
2015,E02000756,-1.05796968326
2015,E02000421,0.944587046813
2015,E02000754,-1.05796968326
2015,E02000529,-1.05796968326
2015,E02000755,-1.05796968326
2015,E02000752,0.781917018154
2015,E02000780,-1.05796968326
2015,E02000753,0.781917018154
2015,E02000154,-1.05796968326
2015,E02000155,-1.05796968326
2015,E02000156,-1.05796968326
2015,E02000157,-1.05796968326
2015,E02000019,-1.05796968326
2015,E02000018,-1.05796968326
2015,E02000152,-1.05796968326
2015,E02000153,-1.05796968326
2015,E02000015,-1.05796968326
2015,E02000014,-1.05796968326
2015,E02000017,-1.05796968326
2015,E02000203,-1.05796968326
2015,E02000158,-1.05796968326
2015,E02000159,-1.05796968326
2015,E02000013,-1.05796968326
2015,E02000012,-1.05796968326
2015,E02000308,0.781917018154
2015,E02000393,0.944587046813
2015,E02000236,-1.05796968326
2015,E02000589,1.10509512342
2015,E02000613,0.781917018154
2015,E02000612,-1.05796968326
2015,E02000231,-1.05796968326
2015,E02000202,-1.05796968326
2015,E02000762,-1.05796968326
2015,E02000558,0.979410441721
2015,E02000559,1.08364198882
2015,E02000651,0.890576440043
2015,E02000122,1.06490081054
2015,E02000657,1.04018139342
2015,E02000124,1.09151198141
2015,E02000655,0.890576440043
2015,E02000654,0.944587046813
2015,E02000550,-1.05796968326
2015,E02000551,-1.05796968326
2015,E02000659,0.944587046813
2015,E02000658,1.00466826442
2015,E02000554,1.00466826442
2015,E02000555,1.04018139342
2015,E02000556,1.06490081054
2015,E02000591,1.06490081054
2015,E02000086,0.781917018154
2015,E02000087,-1.05796968326
2015,E02000084,-1.05796968326
2015,E02000085,-1.05796968326
2015,E02000082,-1.05796968326
2015,E02000592,1.09151198141
2015,E02000080,-1.05796968326
2015,E02000081,-1.05796968326
2015,E02006882,-1.05796968326
2015,E02000544,0.781917018154
2015,E02000088,-1.05796968326
2015,E02000089,-1.05796968326
2015,E02000974,1.10509512342
2015,E02000488,-1.05796968326
2015,E02000547,-1.05796968326
2015,E02000339,-1.05796968326
2015,E02000888,1.02427422799
2015,E02000546,-1.05796968326
2015,E02000334,-1.05796968326
2015,E02000887,0.944587046813
2015,E02000884,1.12158441727
2015,E02000885,0.944587046813
2015,E02000882,0.944587046813
2015,E02000883,0.781917018154
2015,E02000880,1.00466826442
2015,E02000881,0.781917018154
2015,E02000727,-1.05796968326
2015,E02000726,0.979410441721
2015,E02000725,0.944587046813
2015,E02000724,-1.05796968326
2015,E02000723,-1.05796968326
2015,E02000722,0.781917018154
2015,E02000721,-1.05796968326
2015,E02000720,-1.05796968326
2015,E02000543,0.890576440043
2015,E02000239,-1.05796968326
2015,E02000238,-1.05796968326
2015,E02000729,-1.05796968326
2015,E02000728,-1.05796968326
2015,E02000541,-1.05796968326
2015,E02000909,0.944587046813
2015,E02000908,0.890576440043
2015,E02000907,0.781917018154
2015,E02000906,0.979410441721
2015,E02000905,0.781917018154
2015,E02000904,-1.05796968326
2015,E02000903,-1.05796968326
2015,E02000902,-1.05796968326
2015,E02000901,-1.05796968326
2015,E02000900,-1.05796968326
2015,E02000411,0.890576440043
2015,E02000978,1.06490081054
2015,E02000410,0.781917018154
2015,E02000979,1.09862116613
2015,E02000941,0.890576440043
2015,E02000856,-1.05796968326
2015,E02000412,0.890576440043
2015,E02000538,0.890576440043
2015,E02000415,0.944587046813
2015,E02000848,-1.05796968326
2015,E02000414,0.890576440043
2015,E02000420,0.781917018154
2015,E02000083,-1.05796968326
2015,E02000422,0.944587046813
2015,E02000423,0.890576440043
2015,E02000424,0.979410441721
2015,E02000425,-1.05796968326
2015,E02000426,0.781917018154
2015,E02000427,0.979410441721
2015,E02000833,-1.05796968326
2015,E02000832,0.890576440043
2015,E02000831,1.07484595739
2015,E02000830,0.944587046813
2015,E02000345,0.890576440043
2015,E02000344,-1.05796968326
2015,E02000347,0.890576440043
2015,E02000346,0.979410441721
2015,E02000807,1.00466826442
2015,E02000513,-1.05796968326
2015,E02000530,-1.05796968326
2015,E02000531,0.890576440043
2015,E02000304,-1.05796968326
2015,E02000970,1.12158441727
2015,E02000348,0.944587046813
2015,E02000801,0.890576440043
2015,E02000839,0.979410441721
2015,E02000838,1.00466826442
2015,E02000653,0.979410441721
2015,E02000971,1.152467594
2015,E02000370,1.08364198882
2015,E02000341,-1.05796968326
2015,E02000959,0.781917018154
2015,E02000284,-1.05796968326
2015,E02000428,0.781917018154
2015,E02000286,-1.05796968326
2015,E02000287,-1.05796968326
2015,E02000280,-1.05796968326
2015,E02000281,0.781917018154
2015,E02000282,-1.05796968326
2015,E02000429,1.02427422799
2015,E02000165,-1.05796968326
2015,E02000167,0.944587046813
2015,E02000166,0.944587046813
2015,E02000288,-1.05796968326
2015,E02000160,-1.05796968326
2015,E02000163,-1.05796968326
2015,E02000162,-1.05796968326
2015,E02000514,-1.05796968326
2015,E02000515,-1.05796968326
2015,E02000516,-1.05796968326
2015,E02000517,-1.05796968326
2015,E02000510,-1.05796968326
2015,E02000511,-1.05796968326
2015,E02000512,0.781917018154
2015,E02000340,0.890576440043
2015,E02000837,1.00466826442
2015,E02000048,-1.05796968326
2015,E02000049,-1.05796968326
2015,E02000518,-1.05796968326
2015,E02000519,0.781917018154
2015,E02000267,0.781917018154
2015,E02000835,0.979410441721
2015,E02000834,0.890576440043
2015,E02000343,0.781917018154
2015,E02006793,-1.05796968326
2015,E02000652,0.890576440043
2015,E02000078,-1.05796968326
2015,E02000763,0.781917018154
2015,E02000609,-1.05796968326
2015,E02000342,-1.05796968326
2015,E02000767,-1.05796968326
2015,E02000954,0.781917018154
2015,E02000765,-1.05796968326
2015,E02000764,0.781917018154
2015,E02000600,0.944587046813
2015,E02000601,0.781917018154
2015,E02000769,-1.05796968326
2015,E02000768,-1.05796968326
2015,E02000604,0.781917018154
2015,E02000605,-1.05796968326
2015,E02000606,0.781917018154
2015,E02000607,-1.05796968326
2015,E02000561,1.04018139342
2015,E02000560,1.02427422799
2015,E02000563,1.04018139342
2015,E02000562,1.02427422799
2015,E02000565,0.979410441721
2015,E02000564,1.07484595739
2015,E02000567,1.06490081054
2015,E02000566,1.09151198141
2015,E02000569,1.06490081054
2015,E02000568,1.06490081054
2015,E02006836,0.781917018154
2015,E02000860,-1.05796968326
2015,E02000861,0.781917018154
2015,E02000863,-1.05796968326
2015,E02000864,1.07484595739
2015,E02000865,1.06490081054
2015,E02000866,1.04018139342
2015,E02000867,1.05349584887
2015,E02000868,1.10509512342
2015,E02000869,1.02427422799
2015,E02000783,-1.05796968326
2015,E02000782,-1.05796968326
2015,E02000785,0.979410441721
2015,E02000784,0.944587046813
2015,E02000787,1.00466826442
2015,E02000786,1.02427422799
2015,E02000378,1.06490081054
2015,E02006918,1.05349584887
2015,E02000328,-1.05796968326
2015,E02000379,-1.05796968326
2015,E02000899,-1.05796968326
2015,E02000898,0.781917018154
2015,E02000983,0.979410441721
2015,E02000468,-1.05796968326
2015,E02000469,-1.05796968326
2015,E02000464,-1.05796968326
2015,E02000465,-1.05796968326
2015,E02000466,-1.05796968326
2015,E02000485,0.781917018154
2015,E02000460,-1.05796968326
2015,E02000461,-1.05796968326
2015,E02000462,-1.05796968326
2015,E02000463,-1.05796968326
2015,E02000305,-1.05796968326
2015,E02000323,0.890576440043
2015,E02000268,0.944587046813
2015,E02000269,0.781917018154
2015,E02000301,-1.05796968326
2015,E02000300,-1.05796968326
2015,E02000303,0.781917018154
2015,E02000781,-1.05796968326
2015,E02000262,0.944587046813
2015,E02000263,-1.05796968326
2015,E02000260,-1.05796968326
2015,E02000261,1.00466826442
2015,E02000266,-1.05796968326
2015,E02000321,-1.05796968326
2015,E02000264,1.00466826442
2015,E02000265,0.781917018154
2015,E02000481,-1.05796968326
2015,E02000982,0.781917018154
2015,E02000320,-1.05796968326
2015,E02000891,1.07484595739
2015,E02000890,0.944587046813
2015,E02000950,0.944587046813
2015,E02000712,-1.05796968326
2015,E02000633,0.979410441721
2015,E02000713,-1.05796968326
2015,E02000710,0.781917018154
2015,E02000419,1.00466826442
2015,E02000418,0.781917018154
2015,E02000949,0.979410441721
2015,E02000948,0.979410441721
2015,E02000943,0.979410441721
2015,E02000716,-1.05796968326
2015,E02000413,-1.05796968326
2015,E02000951,0.944587046813
2015,E02000947,1.02427422799
2015,E02000946,0.944587046813
2015,E02000945,-1.05796968326
2015,E02000944,0.781917018154
2015,E02000632,1.05349584887
2015,E02000942,0.979410441721
2015,E02000889,1.04018139342
2015,E02000715,-1.05796968326
2015,E02000620,0.979410441721
2015,E02000009,-1.05796968326
2015,E02000007,-1.05796968326
2015,E02000004,-1.05796968326
2015,E02006854,1.11103139102
2015,E02000002,-1.05796968326
2015,E02000003,-1.05796968326
2015,E02000001,1.152467594
2015,E02000635,1.05349584887
2015,E02000719,-1.05796968326
2015,E02000886,1.00466826442
2015,E02000622,1.02427422799
2015,E02000237,-1.05796968326
2015,E02000745,0.781917018154
2015,E02000508,-1.05796968326
2015,E02006789,0.781917018154
2015,E02006788,-1.05796968326
2015,E02006787,-1.05796968326
2015,E02006786,-1.05796968326
2015,E02006785,-1.05796968326
2015,E02006784,-1.05796968326
2015,E02006783,-1.05796968326
2015,E02006782,0.781917018154
2015,E02000634,0.781917018154
2014,E02000608,-0.452389894129
2014,E02000210,-0.452389894129
2014,E02000217,-0.452389894129
2014,E02000216,-0.452389894129
2014,E02000215,-0.452389894129
2014,E02000214,-0.452389894129
2014,E02000132,-0.452389894129
2014,E02000133,-0.452389894129
2014,E02000130,-0.452389894129
2014,E02000131,-0.452389894129
2014,E02000136,-0.452389894129
2014,E02000137,-0.452389894129
2014,E02000134,-0.452389894129
2014,E02000135,-0.452389894129
2014,E02000525,-0.452389894129
2014,E02000524,-0.452389894129
2014,E02000138,-0.452389894129
2014,E02000139,-0.452389894129
2014,E02000521,-0.452389894129
2014,E02000520,-0.452389894129
2014,E02000523,-0.452389894129
2014,E02000522,-0.452389894129
2014,E02000193,-0.452389894129
2014,E02000194,2.20957412101
2014,E02000195,-0.452389894129
2014,E02000196,-0.452389894129
2014,E02000480,-0.452389894129
2014,E02000197,-0.452389894129
2014,E02000198,-0.452389894129
2014,E02000368,2.2119102569
2014,E02000199,-0.452389894129
2014,E02000770,-0.452389894129
2014,E02000245,-0.452389894129
2014,E02000581,-0.452389894129
2014,E02000738,-0.452389894129
2014,E02000739,-0.452389894129
2014,E02000580,2.213967457
2014,E02000730,-0.452389894129
2014,E02000731,-0.452389894129
2014,E02000732,-0.452389894129
2014,E02000733,-0.452389894129
2014,E02000734,-0.452389894129
2014,E02000735,-0.452389894129
2014,E02000736,-0.452389894129
2014,E02000737,-0.452389894129
2014,E02000226,-0.452389894129
2014,E02000227,-0.452389894129
2014,E02000224,2.20957412101
2014,E02000225,-0.452389894129
2014,E02000222,-0.452389894129
2014,E02000223,-0.452389894129
2014,E02000637,-0.452389894129
2014,E02000636,-0.452389894129
2014,E02000187,2.20957412101
2014,E02000186,2.2119102569
2014,E02000185,-0.452389894129
2014,E02000184,-0.452389894129
2014,E02000183,2.2119102569
2014,E02000182,2.20957412101
2014,E02000181,-0.452389894129
2014,E02000180,-0.452389894129
2014,E02000859,2.20957412101
2014,E02000858,-0.452389894129
2014,E02000912,-0.452389894129
2014,E02000913,-0.452389894129
2014,E02000914,-0.452389894129
2014,E02000915,-0.452389894129
2014,E02000916,-0.452389894129
2014,E02000917,-0.452389894129
2014,E02000918,-0.452389894129
2014,E02000919,2.21283342934
2014,E02000853,-0.452389894129
2014,E02000852,-0.452389894129
2014,E02000855,-0.452389894129
2014,E02000854,-0.452389894129
2014,E02000857,-0.452389894129
2014,E02000779,-0.452389894129
2014,E02000849,-0.452389894129
2014,E02000960,-0.452389894129
2014,E02000455,2.20957412101
2014,E02000454,-0.452389894129
2014,E02000358,2.20957412101
2014,E02000359,2.20957412101
2014,E02000451,-0.452389894129
2014,E02000829,-0.452389894129
2014,E02000453,-0.452389894129
2014,E02000452,-0.452389894129
2014,E02000824,-0.452389894129
2014,E02000825,-0.452389894129
2014,E02000826,-0.452389894129
2014,E02000351,2.2119102569
2014,E02000356,-0.452389894129
2014,E02000357,-0.452389894129
2014,E02000354,-0.452389894129
2014,E02000355,-0.452389894129
2014,E02000644,-0.452389894129
2014,E02000841,-0.452389894129
2014,E02000645,-0.452389894129
2014,E02000846,-0.452389894129
2014,E02000646,2.2119102569
2014,E02000847,-0.452389894129
2014,E02000647,-0.452389894129
2014,E02000640,2.20957412101
2014,E02000528,-0.452389894129
2014,E02000539,-0.452389894129
2014,E02000642,-0.452389894129
2014,E02000285,-0.452389894129
2014,E02000643,-0.452389894129
2014,E02000169,2.20957412101
2014,E02000168,-0.452389894129
2014,E02000526,2.20957412101
2014,E02000648,-0.452389894129
2014,E02000283,-0.452389894129
2014,E02000817,-0.452389894129
2014,E02000649,2.20957412101
2014,E02000799,-0.452389894129
2014,E02000178,-0.452389894129
2014,E02000179,-0.452389894129
2014,E02000176,-0.452389894129
2014,E02000177,-0.452389894129
2014,E02000174,2.21283342934
2014,E02000175,2.20957412101
2014,E02000172,-0.452389894129
2014,E02000173,2.20957412101
2014,E02000170,-0.452389894129
2014,E02000171,2.20957412101
2014,E02000077,-0.452389894129
2014,E02000075,-0.452389894129
2014,E02000074,-0.452389894129
2014,E02000073,-0.452389894129
2014,E02000072,-0.452389894129
2014,E02000071,-0.452389894129
2014,E02000070,-0.452389894129
2014,E02000161,-0.452389894129
2014,E02000079,-0.452389894129
2014,E02000289,-0.452389894129
2014,E02000557,-0.452389894129
2014,E02000230,-0.452389894129
2014,E02000042,-0.452389894129
2014,E02000043,2.2119102569
2014,E02006853,2.20957412101
2014,E02000819,-0.452389894129
2014,E02000820,-0.452389894129
2014,E02000818,-0.452389894129
2014,E02000041,-0.452389894129
2014,E02000389,-0.452389894129
2014,E02000388,2.2119102569
2014,E02000385,2.2119102569
2014,E02000384,-0.452389894129
2014,E02000387,-0.452389894129
2014,E02000386,2.20957412101
2014,E02000381,2.20957412101
2014,E02000380,2.20957412101
2014,E02000383,-0.452389894129
2014,E02000382,-0.452389894129
2014,E02000774,-0.452389894129
2014,E02000776,-0.452389894129
2014,E02000777,-0.452389894129
2014,E02000679,-0.452389894129
2014,E02000678,-0.452389894129
2014,E02000772,-0.452389894129
2014,E02000773,-0.452389894129
2014,E02000675,-0.452389894129
2014,E02000674,-0.452389894129
2014,E02000677,-0.452389894129
2014,E02000676,2.20957412101
2014,E02000671,-0.452389894129
2014,E02000670,2.20957412101
2014,E02000673,-0.452389894129
2014,E02000672,2.20957412101
2014,E02000572,2.20957412101
2014,E02000573,2.2119102569
2014,E02000570,-0.452389894129
2014,E02000571,2.2119102569
2014,E02000576,-0.452389894129
2014,E02000577,-0.452389894129
2014,E02000574,2.21283342934
2014,E02000575,2.2119102569
2014,E02000150,-0.452389894129
2014,E02000578,2.20957412101
2014,E02000579,2.2119102569
2014,E02000151,-0.452389894129
2014,E02000815,2.20957412101
2014,E02000814,2.2119102569
2014,E02000798,-0.452389894129
2014,E02000816,-0.452389894129
2014,E02000045,-0.452389894129
2014,E02000810,2.20957412101
2014,E02000813,-0.452389894129
2014,E02000812,-0.452389894129
2014,E02000792,-0.452389894129
2014,E02000793,2.20957412101
2014,E02000790,-0.452389894129
2014,E02000791,-0.452389894129
2014,E02000796,-0.452389894129
2014,E02000797,2.2119102569
2014,E02000794,-0.452389894129
2014,E02000795,-0.452389894129
2014,E02006929,2.2119102569
2014,E02006928,-0.452389894129
2014,E02006927,2.20957412101
2014,E02006925,-0.452389894129
2014,E02006924,-0.452389894129
2014,E02006921,2.2119102569
2014,E02000491,-0.452389894129
2014,E02000490,-0.452389894129
2014,E02000493,-0.452389894129
2014,E02000492,-0.452389894129
2014,E02000495,-0.452389894129
2014,E02000494,-0.452389894129
2014,E02000497,-0.452389894129
2014,E02000496,-0.452389894129
2014,E02000499,-0.452389894129
2014,E02000498,-0.452389894129
2014,E02000010,-0.452389894129
2014,E02000701,-0.452389894129
2014,E02000700,-0.452389894129
2014,E02000703,-0.452389894129
2014,E02000702,2.20957412101
2014,E02000312,-0.452389894129
2014,E02000313,-0.452389894129
2014,E02000707,-0.452389894129
2014,E02000311,-0.452389894129
2014,E02000709,-0.452389894129
2014,E02000708,-0.452389894129
2014,E02000255,-0.452389894129
2014,E02000254,-0.452389894129
2014,E02000253,-0.452389894129
2014,E02000252,2.20957412101
2014,E02000318,-0.452389894129
2014,E02000319,-0.452389894129
2014,E02000929,2.20957412101
2014,E02000928,-0.452389894129
2014,E02000369,-0.452389894129
2014,E02000921,-0.452389894129
2014,E02000920,-0.452389894129
2014,E02000923,2.20957412101
2014,E02000922,2.2119102569
2014,E02000925,2.20957412101
2014,E02000924,-0.452389894129
2014,E02000927,-0.452389894129
2014,E02000926,-0.452389894129
2014,E02000016,2.20957412101
2014,E02000828,-0.452389894129
2014,E02000025,-0.452389894129
2014,E02000744,-0.452389894129
2014,E02000940,-0.452389894129
2014,E02000408,-0.452389894129
2014,E02000409,-0.452389894129
2014,E02000958,-0.452389894129
2014,E02000361,2.20957412101
2014,E02000402,-0.452389894129
2014,E02000403,-0.452389894129
2014,E02000400,-0.452389894129
2014,E02000401,-0.452389894129
2014,E02000406,-0.452389894129
2014,E02000407,-0.452389894129
2014,E02000952,-0.452389894129
2014,E02000953,-0.452389894129
2014,E02000023,-0.452389894129
2014,E02000033,-0.452389894129
2014,E02000032,-0.452389894129
2014,E02000031,-0.452389894129
2014,E02000030,-0.452389894129
2014,E02000037,-0.452389894129
2014,E02000036,-0.452389894129
2014,E02000035,-0.452389894129
2014,E02000034,-0.452389894129
2014,E02000039,-0.452389894129
2014,E02000038,-0.452389894129
2014,E02000316,2.20957412101
2014,E02000317,-0.452389894129
2014,E02000314,-0.452389894129
2014,E02000029,-0.452389894129
2014,E02006791,-0.452389894129
2014,E02006792,-0.452389894129
2014,E02000315,-0.452389894129
2014,E02006794,-0.452389894129
2014,E02006795,-0.452389894129
2014,E02006796,-0.452389894129
2014,E02006798,-0.452389894129
2014,E02000705,-0.452389894129
2014,E02000704,2.20957412101
2014,E02000259,-0.452389894129
2014,E02000258,-0.452389894129
2014,E02000257,-0.452389894129
2014,E02000047,-0.452389894129
2014,E02000256,-0.452389894129
2014,E02000107,-0.452389894129
2014,E02000106,-0.452389894129
2014,E02000105,-0.452389894129
2014,E02000104,-0.452389894129
2014,E02000103,-0.452389894129
2014,E02000102,-0.452389894129
2014,E02000101,-0.452389894129
2014,E02000100,-0.452389894129
2014,E02000536,-0.452389894129
2014,E02000537,-0.452389894129
2014,E02000534,-0.452389894129
2014,E02000535,-0.452389894129
2014,E02000532,-0.452389894129
2014,E02000533,-0.452389894129
2014,E02000109,-0.452389894129
2014,E02000108,-0.452389894129
2014,E02000044,-0.452389894129
2014,E02000251,-0.452389894129
2014,E02000299,-0.452389894129
2014,E02000250,-0.452389894129
2014,E02000747,2.20957412101
2014,E02000699,-0.452389894129
2014,E02000698,-0.452389894129
2014,E02000697,-0.452389894129
2014,E02000696,-0.452389894129
2014,E02000695,2.2119102569
2014,E02000694,-0.452389894129
2014,E02000693,2.20957412101
2014,E02000692,2.20957412101
2014,E02000691,-0.452389894129
2014,E02000690,-0.452389894129
2014,E02006800,-0.452389894129
2014,E02006801,-0.452389894129
2014,E02006802,2.20957412101
2014,E02000309,-0.452389894129
2014,E02000631,-0.452389894129
2014,E02000219,-0.452389894129
2014,E02000218,-0.452389894129
2014,E02000749,-0.452389894129
2014,E02000748,-0.452389894129
2014,E02000630,2.20957412101
2014,E02000213,-0.452389894129
2014,E02000212,-0.452389894129
2014,E02000211,-0.452389894129
2014,E02000746,-0.452389894129
2014,E02000741,-0.452389894129
2014,E02000740,-0.452389894129
2014,E02000743,-0.452389894129
2014,E02000742,-0.452389894129
2014,E02000190,2.2119102569
2014,E02000191,2.20957412101
2014,E02000192,-0.452389894129
2014,E02000588,-0.452389894129
2014,E02000626,-0.452389894129
2014,E02000627,2.21283342934
2014,E02000624,2.20957412101
2014,E02000625,2.20957412101
2014,E02000583,-0.452389894129
2014,E02000582,-0.452389894129
2014,E02000628,-0.452389894129
2014,E02000629,-0.452389894129
2014,E02000587,-0.452389894129
2014,E02000586,2.20957412101
2014,E02000585,2.21335940031
2014,E02000584,-0.452389894129
2014,E02000965,2.20957412101
2014,E02000964,2.2119102569
2014,E02000967,-0.452389894129
2014,E02000966,-0.452389894129
2014,E02000961,2.2119102569
2014,E02000189,-0.452389894129
2014,E02000963,-0.452389894129
2014,E02000962,2.20957412101
2014,E02000842,-0.452389894129
2014,E02000843,-0.452389894129
2014,E02000840,-0.452389894129
2014,E02000188,-0.452389894129
2014,E02000969,-0.452389894129
2014,E02000968,2.20957412101
2014,E02000844,-0.452389894129
2014,E02000845,-0.452389894129
2014,E02000639,-0.452389894129
2014,E02000760,-0.452389894129
2014,E02000638,2.20957412101
2014,E02000040,-0.452389894129
2014,E02000416,-0.452389894129
2014,E02000447,-0.452389894129
2014,E02000444,-0.452389894129
2014,E02000445,-0.452389894129
2014,E02000442,-0.452389894129
2014,E02000443,-0.452389894129
2014,E02000440,-0.452389894129
2014,E02000441,-0.452389894129
2014,E02000367,2.2119102569
2014,E02000366,2.20957412101
2014,E02000365,2.21371069602
2014,E02000364,2.20957412101
2014,E02000363,-0.452389894129
2014,E02000362,-0.452389894129
2014,E02000448,-0.452389894129
2014,E02000449,-0.452389894129
2014,E02000910,-0.452389894129
2014,E02000603,-0.452389894129
2014,E02000911,2.20957412101
2014,E02000046,-0.452389894129
2014,E02000851,-0.452389894129
2014,E02000850,-0.452389894129
2014,E02000121,-0.452389894129
2014,E02000120,-0.452389894129
2014,E02000123,-0.452389894129
2014,E02000068,-0.452389894129
2014,E02000069,-0.452389894129
2014,E02000141,-0.452389894129
2014,E02000140,-0.452389894129
2014,E02000147,-0.452389894129
2014,E02000146,-0.452389894129
2014,E02000145,-0.452389894129
2014,E02000144,-0.452389894129
2014,E02000060,-0.452389894129
2014,E02000061,-0.452389894129
2014,E02000149,-0.452389894129
2014,E02000063,-0.452389894129
2014,E02000064,-0.452389894129
2014,E02000065,-0.452389894129
2014,E02000066,-0.452389894129
2014,E02000067,-0.452389894129
2014,E02000118,-0.452389894129
2014,E02000127,-0.452389894129
2014,E02000119,-0.452389894129
2014,E02000126,-0.452389894129
2014,E02000125,-0.452389894129
2014,E02000706,-0.452389894129
2014,E02000128,-0.452389894129
2014,E02000552,-0.452389894129
2014,E02000789,-0.452389894129
2014,E02000553,-0.452389894129
2014,E02000788,-0.452389894129
2014,E02000398,-0.452389894129
2014,E02000396,2.20957412101
2014,E02000397,-0.452389894129
2014,E02000394,-0.452389894129
2014,E02000395,2.2119102569
2014,E02000392,2.20957412101
2014,E02000220,-0.452389894129
2014,E02000390,2.20957412101
2014,E02000391,-0.452389894129
2014,E02000113,-0.452389894129
2014,E02000668,-0.452389894129
2014,E02000669,-0.452389894129
2014,E02000666,-0.452389894129
2014,E02000667,-0.452389894129
2014,E02000664,-0.452389894129
2014,E02000665,-0.452389894129
2014,E02000662,2.20957412101
2014,E02000663,-0.452389894129
2014,E02000660,-0.452389894129
2014,E02000661,-0.452389894129
2014,E02000095,-0.452389894129
2014,E02000094,-0.452389894129
2014,E02000097,-0.452389894129
2014,E02000096,-0.452389894129
2014,E02000091,-0.452389894129
2014,E02000090,-0.452389894129
2014,E02000093,-0.452389894129
2014,E02000092,-0.452389894129
2014,E02000221,-0.452389894129
2014,E02000099,-0.452389894129
2014,E02000098,-0.452389894129
2014,E02000549,-0.452389894129
2014,E02000548,-0.452389894129
2014,E02000806,-0.452389894129
2014,E02000051,-0.452389894129
2014,E02000804,-0.452389894129
2014,E02000805,-0.452389894129
2014,E02000802,-0.452389894129
2014,E02000803,-0.452389894129
2014,E02000800,-0.452389894129
2014,E02000050,-0.452389894129
2014,E02000053,-0.452389894129
2014,E02000808,2.20957412101
2014,E02000809,2.21335940031
2014,E02006930,-0.452389894129
2014,E02006931,2.20957412101
2014,E02000052,-0.452389894129
2014,E02000955,-0.452389894129
2014,E02000055,2.20957412101
2014,E02000956,-0.452389894129
2014,E02000054,-0.452389894129
2014,E02000482,-0.452389894129
2014,E02000483,-0.452389894129
2014,E02000329,-0.452389894129
2014,E02000957,-0.452389894129
2014,E02000486,-0.452389894129
2014,E02000487,-0.452389894129
2014,E02000484,-0.452389894129
2014,E02000142,-0.452389894129
2014,E02000895,-0.452389894129
2014,E02000894,-0.452389894129
2014,E02000897,-0.452389894129
2014,E02000896,-0.452389894129
2014,E02000327,-0.452389894129
2014,E02000326,2.20957412101
2014,E02000893,-0.452389894129
2014,E02000324,-0.452389894129
2014,E02000240,-0.452389894129
2014,E02000241,-0.452389894129
2014,E02000242,-0.452389894129
2014,E02000243,-0.452389894129
2014,E02000244,-0.452389894129
2014,E02000404,-0.452389894129
2014,E02000246,-0.452389894129
2014,E02000247,-0.452389894129
2014,E02000248,-0.452389894129
2014,E02000249,-0.452389894129
2014,E02000718,-0.452389894129
2014,E02000405,-0.452389894129
2014,E02000545,-0.452389894129
2014,E02000938,-0.452389894129
2014,E02000939,-0.452389894129
2014,E02000335,-0.452389894129
2014,E02000932,2.20957412101
2014,E02000933,-0.452389894129
2014,E02000930,2.20957412101
2014,E02000931,2.20957412101
2014,E02000936,2.20957412101
2014,E02000937,-0.452389894129
2014,E02000934,-0.452389894129
2014,E02000935,-0.452389894129
2014,E02000714,-0.452389894129
2014,E02000062,-0.452389894129
2014,E02000711,-0.452389894129
2014,E02000148,-0.452389894129
2014,E02000650,-0.452389894129
2014,E02000457,-0.452389894129
2014,E02000489,-0.452389894129
2014,E02000456,-0.452389894129
2014,E02000439,-0.452389894129
2014,E02000438,-0.452389894129
2014,E02000437,-0.452389894129
2014,E02000436,-0.452389894129
2014,E02000435,-0.452389894129
2014,E02000434,-0.452389894129
2014,E02000433,-0.452389894129
2014,E02000432,2.20957412101
2014,E02000431,-0.452389894129
2014,E02000430,-0.452389894129
2014,E02000337,-0.452389894129
2014,E02000981,2.20957412101
2014,E02000980,-0.452389894129
2014,E02000024,-0.452389894129
2014,E02000352,-0.452389894129
2014,E02000026,-0.452389894129
2014,E02000027,-0.452389894129
2014,E02000020,-0.452389894129
2014,E02000021,-0.452389894129
2014,E02000022,-0.452389894129
2014,E02000353,2.2119102569
2014,E02000542,-0.452389894129
2014,E02000717,-0.452389894129
2014,E02000028,-0.452389894129
2014,E02000350,2.20957412101
2014,E02000827,-0.452389894129
2014,E02000540,-0.452389894129
2014,E02000459,-0.452389894129
2014,E02000821,-0.452389894129
2014,E02000822,-0.452389894129
2014,E02000371,2.21416547418
2014,E02000823,-0.452389894129
2014,E02000331,-0.452389894129
2014,E02000467,-0.452389894129
2014,E02000005,-0.452389894129
2014,E02000228,-0.452389894129
2014,E02000293,-0.452389894129
2014,E02000292,-0.452389894129
2014,E02000291,-0.452389894129
2014,E02000290,-0.452389894129
2014,E02000297,-0.452389894129
2014,E02000296,-0.452389894129
2014,E02000295,-0.452389894129
2014,E02000294,-0.452389894129
2014,E02000110,-0.452389894129
2014,E02000111,-0.452389894129
2014,E02000112,-0.452389894129
2014,E02000298,-0.452389894129
2014,E02000114,-0.452389894129
2014,E02000115,2.21283342934
2014,E02000116,-0.452389894129
2014,E02000117,-0.452389894129
2014,E02000503,-0.452389894129
2014,E02000502,-0.452389894129
2014,E02000501,-0.452389894129
2014,E02000500,-0.452389894129
2014,E02000507,-0.452389894129
2014,E02000506,-0.452389894129
2014,E02000057,-0.452389894129
2014,E02000504,-0.452389894129
2014,E02000059,2.20957412101
2014,E02000058,-0.452389894129
2014,E02000509,-0.452389894129
2014,E02000229,-0.452389894129
2014,E02000307,-0.452389894129
2014,E02000306,-0.452389894129
2014,E02000680,-0.452389894129
2014,E02000681,-0.452389894129
2014,E02000682,-0.452389894129
2014,E02000683,-0.452389894129
2014,E02000685,-0.452389894129
2014,E02000686,-0.452389894129
2014,E02000687,-0.452389894129
2014,E02000689,-0.452389894129
2014,E02000302,-0.452389894129
2014,E02000008,-0.452389894129
2014,E02000417,2.20957412101
2014,E02000836,-0.452389894129
2014,E02000208,-0.452389894129
2014,E02000209,-0.452389894129
2014,E02000758,-0.452389894129
2014,E02000759,2.20957412101
2014,E02000204,-0.452389894129
2014,E02000757,-0.452389894129
2014,E02000206,-0.452389894129
2014,E02000207,-0.452389894129
2014,E02000200,-0.452389894129
2014,E02000201,-0.452389894129
2014,E02000750,-0.452389894129
2014,E02000751,-0.452389894129
2014,E02000617,-0.452389894129
2014,E02000616,-0.452389894129
2014,E02000615,-0.452389894129
2014,E02000614,-0.452389894129
2014,E02000598,-0.452389894129
2014,E02000599,-0.452389894129
2014,E02000611,-0.452389894129
2014,E02000610,-0.452389894129
2014,E02000594,2.20957412101
2014,E02000595,-0.452389894129
2014,E02000596,2.21283342934
2014,E02000597,2.20957412101
2014,E02000590,2.20957412101
2014,E02000056,-0.452389894129
2014,E02000619,2.20957412101
2014,E02000593,2.21283342934
2014,E02000976,2.21335940031
2014,E02000977,2.20957412101
2014,E02000360,2.20957412101
2014,E02000975,2.20957412101
2014,E02000972,2.2119102569
2014,E02000973,2.21335940031
2014,E02000879,2.20957412101
2014,E02000878,-0.452389894129
2014,E02000877,-0.452389894129
2014,E02000876,-0.452389894129
2014,E02000875,-0.452389894129
2014,E02000874,-0.452389894129
2014,E02000873,-0.452389894129
2014,E02000872,2.21283342934
2014,E02000871,-0.452389894129
2014,E02000870,2.20957412101
2014,E02000332,-0.452389894129
2014,E02000623,-0.452389894129
2014,E02000333,-0.452389894129
2014,E02000641,-0.452389894129
2014,E02000235,-0.452389894129
2014,E02000479,-0.452389894129
2014,E02000478,-0.452389894129
2014,E02000234,-0.452389894129
2014,E02000473,-0.452389894129
2014,E02000472,-0.452389894129
2014,E02000471,-0.452389894129
2014,E02000470,-0.452389894129
2014,E02000477,-0.452389894129
2014,E02000476,-0.452389894129
2014,E02000475,-0.452389894129
2014,E02000474,-0.452389894129
2014,E02000279,-0.452389894129
2014,E02000278,-0.452389894129
2014,E02000372,2.20957412101
2014,E02000373,-0.452389894129
2014,E02000374,-0.452389894129
2014,E02000375,-0.452389894129
2014,E02000376,2.20957412101
2014,E02000377,-0.452389894129
2014,E02000271,-0.452389894129
2014,E02000270,-0.452389894129
2014,E02000272,-0.452389894129
2014,E02000275,-0.452389894129
2014,E02000274,-0.452389894129
2014,E02000277,-0.452389894129
2014,E02000276,-0.452389894129
2014,E02000233,-0.452389894129
2014,E02000232,-0.452389894129
2014,E02000602,-0.452389894129
2014,E02000621,-0.452389894129
2014,E02006799,-0.452389894129
2014,E02000011,-0.452389894129
2014,E02000756,2.20957412101
2014,E02000421,-0.452389894129
2014,E02000754,-0.452389894129
2014,E02000529,-0.452389894129
2014,E02000755,-0.452389894129
2014,E02000752,-0.452389894129
2014,E02000780,-0.452389894129
2014,E02000753,-0.452389894129
2014,E02000154,-0.452389894129
2014,E02000155,-0.452389894129
2014,E02000156,-0.452389894129
2014,E02000157,-0.452389894129
2014,E02000019,-0.452389894129
2014,E02000018,-0.452389894129
2014,E02000152,-0.452389894129
2014,E02000153,-0.452389894129
2014,E02000015,-0.452389894129
2014,E02000014,-0.452389894129
2014,E02000017,-0.452389894129
2014,E02000203,-0.452389894129
2014,E02000158,-0.452389894129
2014,E02000159,-0.452389894129
2014,E02000013,-0.452389894129
2014,E02000012,-0.452389894129
2014,E02000308,-0.452389894129
2014,E02000393,-0.452389894129
2014,E02000236,-0.452389894129
2014,E02000589,2.2119102569
2014,E02000613,-0.452389894129
2014,E02000612,-0.452389894129
2014,E02000231,-0.452389894129
2014,E02000202,-0.452389894129
2014,E02000762,-0.452389894129
2014,E02000558,-0.452389894129
2014,E02000559,2.20957412101
2014,E02000651,-0.452389894129
2014,E02000122,2.20957412101
2014,E02000657,2.20957412101
2014,E02000124,2.20957412101
2014,E02000655,-0.452389894129
2014,E02000654,-0.452389894129
2014,E02000550,-0.452389894129
2014,E02000551,-0.452389894129
2014,E02000659,-0.452389894129
2014,E02000658,-0.452389894129
2014,E02000554,-0.452389894129
2014,E02000555,-0.452389894129
2014,E02000556,2.2119102569
2014,E02000591,-0.452389894129
2014,E02000086,-0.452389894129
2014,E02000087,-0.452389894129
2014,E02000084,-0.452389894129
2014,E02000085,-0.452389894129
2014,E02000082,-0.452389894129
2014,E02000592,-0.452389894129
2014,E02000080,-0.452389894129
2014,E02000081,-0.452389894129
2014,E02006882,-0.452389894129
2014,E02000544,-0.452389894129
2014,E02000088,-0.452389894129
2014,E02000089,-0.452389894129
2014,E02000974,-0.452389894129
2014,E02000488,-0.452389894129
2014,E02000547,-0.452389894129
2014,E02000339,-0.452389894129
2014,E02000888,-0.452389894129
2014,E02000546,-0.452389894129
2014,E02000334,-0.452389894129
2014,E02000887,-0.452389894129
2014,E02000884,-0.452389894129
2014,E02000885,-0.452389894129
2014,E02000882,2.20957412101
2014,E02000883,-0.452389894129
2014,E02000880,2.20957412101
2014,E02000881,2.20957412101
2014,E02000727,-0.452389894129
2014,E02000726,-0.452389894129
2014,E02000725,-0.452389894129
2014,E02000724,-0.452389894129
2014,E02000723,-0.452389894129
2014,E02000722,-0.452389894129
2014,E02000721,-0.452389894129
2014,E02000720,-0.452389894129
2014,E02000543,-0.452389894129
2014,E02000239,-0.452389894129
2014,E02000238,-0.452389894129
2014,E02000729,-0.452389894129
2014,E02000728,-0.452389894129
2014,E02000541,-0.452389894129
2014,E02000909,-0.452389894129
2014,E02000908,-0.452389894129
2014,E02000907,-0.452389894129
2014,E02000906,2.20957412101
2014,E02000905,-0.452389894129
2014,E02000904,-0.452389894129
2014,E02000903,-0.452389894129
2014,E02000902,-0.452389894129
2014,E02000901,-0.452389894129
2014,E02000900,-0.452389894129
2014,E02000411,-0.452389894129
2014,E02000978,-0.452389894129
2014,E02000410,-0.452389894129
2014,E02000979,2.21283342934
2014,E02000941,2.20957412101
2014,E02000856,-0.452389894129
2014,E02000412,-0.452389894129
2014,E02000538,-0.452389894129
2014,E02000415,-0.452389894129
2014,E02000848,-0.452389894129
2014,E02000414,-0.452389894129
2014,E02000420,-0.452389894129
2014,E02000083,-0.452389894129
2014,E02000422,2.20957412101
2014,E02000423,-0.452389894129
2014,E02000424,2.21283342934
2014,E02000425,-0.452389894129
2014,E02000426,-0.452389894129
2014,E02000427,-0.452389894129
2014,E02000833,-0.452389894129
2014,E02000832,-0.452389894129
2014,E02000831,2.20957412101
2014,E02000830,-0.452389894129
2014,E02000345,-0.452389894129
2014,E02000344,-0.452389894129
2014,E02000347,2.20957412101
2014,E02000346,-0.452389894129
2014,E02000807,-0.452389894129
2014,E02000513,-0.452389894129
2014,E02000530,-0.452389894129
2014,E02000531,-0.452389894129
2014,E02000304,-0.452389894129
2014,E02000970,-0.452389894129
2014,E02000348,-0.452389894129
2014,E02000801,-0.452389894129
2014,E02000839,-0.452389894129
2014,E02000838,-0.452389894129
2014,E02000653,-0.452389894129
2014,E02000971,-0.452389894129
2014,E02000370,-0.452389894129
2014,E02000341,-0.452389894129
2014,E02000959,-0.452389894129
2014,E02000284,-0.452389894129
2014,E02000428,-0.452389894129
2014,E02000286,-0.452389894129
2014,E02000287,-0.452389894129
2014,E02000280,-0.452389894129
2014,E02000281,-0.452389894129
2014,E02000282,-0.452389894129
2014,E02000429,2.20957412101
2014,E02000165,-0.452389894129
2014,E02000167,2.2119102569
2014,E02000166,-0.452389894129
2014,E02000288,-0.452389894129
2014,E02000160,-0.452389894129
2014,E02000163,-0.452389894129
2014,E02000162,-0.452389894129
2014,E02000514,-0.452389894129
2014,E02000515,-0.452389894129
2014,E02000516,-0.452389894129
2014,E02000517,-0.452389894129
2014,E02000510,-0.452389894129
2014,E02000511,-0.452389894129
2014,E02000512,-0.452389894129
2014,E02000340,-0.452389894129
2014,E02000837,-0.452389894129
2014,E02000048,-0.452389894129
2014,E02000049,-0.452389894129
2014,E02000518,-0.452389894129
2014,E02000519,-0.452389894129
2014,E02000267,-0.452389894129
2014,E02000835,-0.452389894129
2014,E02000834,2.20957412101
2014,E02000343,-0.452389894129
2014,E02006793,-0.452389894129
2014,E02000652,-0.452389894129
2014,E02000078,-0.452389894129
2014,E02000763,-0.452389894129
2014,E02000609,-0.452389894129
2014,E02000342,-0.452389894129
2014,E02000767,2.20957412101
2014,E02000954,2.20957412101
2014,E02000765,-0.452389894129
2014,E02000764,-0.452389894129
2014,E02000600,-0.452389894129
2014,E02000601,-0.452389894129
2014,E02000769,-0.452389894129
2014,E02000768,-0.452389894129
2014,E02000604,-0.452389894129
2014,E02000605,-0.452389894129
2014,E02000606,-0.452389894129
2014,E02000607,-0.452389894129
2014,E02000561,2.2119102569
2014,E02000560,2.2119102569
2014,E02000563,2.20957412101
2014,E02000562,-0.452389894129
2014,E02000565,-0.452389894129
2014,E02000564,2.2119102569
2014,E02000567,2.21283342934
2014,E02000566,2.20957412101
2014,E02000569,2.20957412101
2014,E02000568,-0.452389894129
2014,E02006836,-0.452389894129
2014,E02000860,-0.452389894129
2014,E02000861,-0.452389894129
2014,E02000863,-0.452389894129
2014,E02000864,2.20957412101
2014,E02000865,2.2119102569
2014,E02000866,2.20957412101
2014,E02000867,-0.452389894129
2014,E02000868,2.2119102569
2014,E02000869,2.20957412101
2014,E02000783,-0.452389894129
2014,E02000782,2.20957412101
2014,E02000785,-0.452389894129
2014,E02000784,-0.452389894129
2014,E02000787,-0.452389894129
2014,E02000786,2.20957412101
2014,E02000378,-0.452389894129
2014,E02006918,2.20957412101
2014,E02000328,2.20957412101
2014,E02000379,-0.452389894129
2014,E02000899,-0.452389894129
2014,E02000898,-0.452389894129
2014,E02000983,-0.452389894129
2014,E02000468,-0.452389894129
2014,E02000469,-0.452389894129
2014,E02000464,-0.452389894129
2014,E02000465,-0.452389894129
2014,E02000466,-0.452389894129
2014,E02000485,-0.452389894129
2014,E02000460,-0.452389894129
2014,E02000461,-0.452389894129
2014,E02000462,-0.452389894129
2014,E02000463,-0.452389894129
2014,E02000305,-0.452389894129
2014,E02000323,-0.452389894129
2014,E02000268,-0.452389894129
2014,E02000269,2.2119102569
2014,E02000301,-0.452389894129
2014,E02000300,-0.452389894129
2014,E02000303,-0.452389894129
2014,E02000781,-0.452389894129
2014,E02000262,-0.452389894129
2014,E02000263,-0.452389894129
2014,E02000260,-0.452389894129
2014,E02000261,-0.452389894129
2014,E02000266,-0.452389894129
2014,E02000321,-0.452389894129
2014,E02000264,-0.452389894129
2014,E02000265,-0.452389894129
2014,E02000481,-0.452389894129
2014,E02000982,-0.452389894129
2014,E02000320,-0.452389894129
2014,E02000891,-0.452389894129
2014,E02000890,2.20957412101
2014,E02000950,-0.452389894129
2014,E02000712,-0.452389894129
2014,E02000633,-0.452389894129
2014,E02000713,-0.452389894129
2014,E02000710,-0.452389894129
2014,E02000419,-0.452389894129
2014,E02000418,-0.452389894129
2014,E02000949,-0.452389894129
2014,E02000948,-0.452389894129
2014,E02000943,-0.452389894129
2014,E02000716,-0.452389894129
2014,E02000413,-0.452389894129
2014,E02000951,-0.452389894129
2014,E02000947,-0.452389894129
2014,E02000946,-0.452389894129
2014,E02000945,-0.452389894129
2014,E02000944,-0.452389894129
2014,E02000632,2.21283342934
2014,E02000942,-0.452389894129
2014,E02000889,-0.452389894129
2014,E02000715,-0.452389894129
2014,E02000620,2.20957412101
2014,E02000009,-0.452389894129
2014,E02000007,-0.452389894129
2014,E02000004,-0.452389894129
2014,E02006854,2.2119102569
2014,E02000002,-0.452389894129
2014,E02000003,-0.452389894129
2014,E02000001,-0.452389894129
2014,E02000635,2.20957412101
2014,E02000719,-0.452389894129
2014,E02000886,-0.452389894129
2014,E02000622,2.2119102569
2014,E02000237,-0.452389894129
2014,E02000745,-0.452389894129
2014,E02000508,-0.452389894129
2014,E02006789,-0.452389894129
2014,E02006788,-0.452389894129
2014,E02006787,-0.452389894129
2014,E02006786,-0.452389894129
2014,E02006785,-0.452389894129
2014,E02006784,-0.452389894129
2014,E02006783,-0.452389894129
2014,E02006782,-0.452389894129
2014,E02000634,-0.452389894129
2016,E02000608,0.249450163931
2016,E02000210,0.249450163931
2016,E02000217,0.602170623591
2016,E02000216,-1.40769067377
2016,E02000215,0.437554422149
2016,E02000214,-1.40769067377
2016,E02000132,0.249450163931
2016,E02000133,0.437554422149
2016,E02000130,0.602170623591
2016,E02000131,0.824633580216
2016,E02000136,-1.40769067377
2016,E02000137,0.437554422149
2016,E02000134,0.249450163931
2016,E02000135,-1.40769067377
2016,E02000525,0.747293946928
2016,E02000524,-1.40769067377
2016,E02000138,0.602170623591
2016,E02000139,-1.40769067377
2016,E02000521,0.689180343632
2016,E02000520,0.249450163931
2016,E02000523,0.249450163931
2016,E02000522,0.249450163931
2016,E02000193,1.20005469847
2016,E02000194,0.602170623591
2016,E02000195,0.249450163931
2016,E02000196,-1.40769067377
2016,E02000480,0.249450163931
2016,E02000197,0.437554422149
2016,E02000198,-1.40769067377
2016,E02000368,0.992974341588
2016,E02000199,-1.40769067377
2016,E02000770,-1.40769067377
2016,E02000245,0.249450163931
2016,E02000581,0.923631211444
2016,E02000738,-1.40769067377
2016,E02000739,0.536443398619
2016,E02000580,1.14758296922
2016,E02000730,-1.40769067377
2016,E02000731,-1.40769067377
2016,E02000732,-1.40769067377
2016,E02000733,0.536443398619
2016,E02000734,-1.40769067377
2016,E02000735,0.437554422149
2016,E02000736,-1.40769067377
2016,E02000737,0.249450163931
2016,E02000226,-1.40769067377
2016,E02000227,-1.40769067377
2016,E02000224,-1.40769067377
2016,E02000225,-1.40769067377
2016,E02000222,0.249450163931
2016,E02000223,-1.40769067377
2016,E02000637,0.923631211444
2016,E02000636,0.770288405179
2016,E02000187,1.03564980886
2016,E02000186,1.09179476792
2016,E02000185,0.906530906729
2016,E02000184,1.08178940658
2016,E02000183,1.01595190933
2016,E02000182,0.887228332557
2016,E02000181,0.965498032639
2016,E02000180,1.00721030485
2016,E02000859,-1.40769067377
2016,E02000858,-1.40769067377
2016,E02000912,0.650829567509
2016,E02000913,0.249450163931
2016,E02000914,0.602170623591
2016,E02000915,0.536443398619
2016,E02000916,0.650829567509
2016,E02000917,0.602170623591
2016,E02000918,0.689180343632
2016,E02000919,0.824633580216
2016,E02000853,-1.40769067377
2016,E02000852,0.249450163931
2016,E02000855,-1.40769067377
2016,E02000854,0.249450163931
2016,E02000857,-1.40769067377
2016,E02000779,-1.40769067377
2016,E02000849,-1.40769067377
2016,E02000960,0.808460045402
2016,E02000455,0.536443398619
2016,E02000454,-1.40769067377
2016,E02000358,1.01595190933
2016,E02000359,0.852750115728
2016,E02000451,-1.40769067377
2016,E02000829,0.839317308443
2016,E02000453,-1.40769067377
2016,E02000452,0.602170623591
2016,E02000824,0.689180343632
2016,E02000825,0.770288405179
2016,E02000826,0.790484465806
2016,E02000351,0.865118653292
2016,E02000356,0.938960302435
2016,E02000357,0.650829567509
2016,E02000354,0.915326188749
2016,E02000355,0.931495159897
2016,E02000644,0.790484465806
2016,E02000841,-1.40769067377
2016,E02000645,0.747293946928
2016,E02000846,-1.40769067377
2016,E02000646,0.602170623591
2016,E02000847,0.437554422149
2016,E02000647,0.437554422149
2016,E02000640,0.747293946928
2016,E02000528,0.897187690461
2016,E02000539,0.536443398619
2016,E02000642,0.839317308443
2016,E02000285,-1.40769067377
2016,E02000643,0.689180343632
2016,E02000169,0.865118653292
2016,E02000168,0.977133349582
2016,E02000526,0.720672718749
2016,E02000648,0.536443398619
2016,E02000283,-1.40769067377
2016,E02000817,0.770288405179
2016,E02000649,0.720672718749
2016,E02000799,0.437554422149
2016,E02000178,0.897187690461
2016,E02000179,0.887228332557
2016,E02000176,1.00262423964
2016,E02000177,0.94606321751
2016,E02000174,0.977133349582
2016,E02000175,0.923631211444
2016,E02000172,0.952835761624
2016,E02000173,0.839317308443
2016,E02000170,0.824633580216
2016,E02000171,0.852750115728
2016,E02000077,-1.40769067377
2016,E02000075,-1.40769067377
2016,E02000074,-1.40769067377
2016,E02000073,-1.40769067377
2016,E02000072,0.249450163931
2016,E02000071,-1.40769067377
2016,E02000070,-1.40769067377
2016,E02000161,0.249450163931
2016,E02000079,-1.40769067377
2016,E02000289,-1.40769067377
2016,E02000557,0.915326188749
2016,E02000230,0.249450163931
2016,E02000042,0.602170623591
2016,E02000043,0.249450163931
2016,E02006853,1.02810677463
2016,E02000819,0.824633580216
2016,E02000820,0.987888771894
2016,E02000818,0.906530906729
2016,E02000041,0.249450163931
2016,E02000389,0.852750115728
2016,E02000388,1.01164999067
2016,E02000385,1.03927035088
2016,E02000384,0.959305840991
2016,E02000387,0.808460045402
2016,E02000386,1.03193036878
2016,E02000381,0.952835761624
2016,E02000380,0.959305840991
2016,E02000383,1.02417334921
2016,E02000382,0.790484465806
2016,E02000774,0.437554422149
2016,E02000776,-1.40769067377
2016,E02000777,0.249450163931
2016,E02000679,0.437554422149
2016,E02000678,-1.40769067377
2016,E02000772,-1.40769067377
2016,E02000773,0.437554422149
2016,E02000675,0.602170623591
2016,E02000674,-1.40769067377
2016,E02000677,0.249450163931
2016,E02000676,-1.40769067377
2016,E02000671,0.602170623591
2016,E02000670,0.437554422149
2016,E02000673,0.770288405179
2016,E02000672,0.650829567509
2016,E02000572,1.02012394843
2016,E02000573,1.08688755294
2016,E02000570,1.03564980886
2016,E02000571,1.02417334921
2016,E02000576,1.08178940658
2016,E02000577,1.02810677463
2016,E02000574,1.11388538233
2016,E02000575,1.17028653812
2016,E02000150,0.249450163931
2016,E02000578,0.965498032639
2016,E02000579,1.05285604567
2016,E02000151,-1.40769067377
2016,E02000815,0.94606321751
2016,E02000814,0.852750115728
2016,E02000798,0.536443398619
2016,E02000816,0.887228332557
2016,E02000045,0.602170623591
2016,E02000810,1.04958564421
2016,E02000813,0.897187690461
2016,E02000812,1.00262423964
2016,E02000792,0.790484465806
2016,E02000793,0.249450163931
2016,E02000790,0.720672718749
2016,E02000791,0.839317308443
2016,E02000796,-1.40769067377
2016,E02000797,0.790484465806
2016,E02000794,0.770288405179
2016,E02000795,0.602170623591
2016,E02006929,0.987888771894
2016,E02006928,0.906530906729
2016,E02006927,0.437554422149
2016,E02006925,0.437554422149
2016,E02006924,0.249450163931
2016,E02006921,0.650829567509
2016,E02000491,-1.40769067377
2016,E02000490,-1.40769067377
2016,E02000493,-1.40769067377
2016,E02000492,-1.40769067377
2016,E02000495,0.249450163931
2016,E02000494,-1.40769067377
2016,E02000497,-1.40769067377
2016,E02000496,-1.40769067377
2016,E02000499,-1.40769067377
2016,E02000498,-1.40769067377
2016,E02000010,-1.40769067377
2016,E02000701,-1.40769067377
2016,E02000700,0.536443398619
2016,E02000703,0.437554422149
2016,E02000702,0.249450163931
2016,E02000312,0.770288405179
2016,E02000313,-1.40769067377
2016,E02000707,-1.40769067377
2016,E02000311,0.249450163931
2016,E02000709,0.249450163931
2016,E02000708,0.249450163931
2016,E02000255,0.689180343632
2016,E02000254,-1.40769067377
2016,E02000253,0.249450163931
2016,E02000252,0.720672718749
2016,E02000318,-1.40769067377
2016,E02000319,0.689180343632
2016,E02000929,0.808460045402
2016,E02000928,0.770288405179
2016,E02000369,1.10108773984
2016,E02000921,0.650829567509
2016,E02000920,0.747293946928
2016,E02000923,0.931495159897
2016,E02000922,0.437554422149
2016,E02000925,0.876571403369
2016,E02000924,1.03927035088
2016,E02000927,0.839317308443
2016,E02000926,0.997882367663
2016,E02000016,-1.40769067377
2016,E02000828,0.824633580216
2016,E02000025,0.249450163931
2016,E02000744,0.689180343632
2016,E02000940,0.808460045402
2016,E02000408,0.437554422149
2016,E02000409,0.437554422149
2016,E02000958,0.602170623591
2016,E02000361,1.00262423964
2016,E02000402,0.249450163931
2016,E02000403,0.720672718749
2016,E02000400,0.650829567509
2016,E02000401,-1.40769067377
2016,E02000406,0.602170623591
2016,E02000407,0.437554422149
2016,E02000952,0.602170623591
2016,E02000953,0.536443398619
2016,E02000023,-1.40769067377
2016,E02000033,0.437554422149
2016,E02000032,-1.40769067377
2016,E02000031,-1.40769067377
2016,E02000030,-1.40769067377
2016,E02000037,0.249450163931
2016,E02000036,0.249450163931
2016,E02000035,0.249450163931
2016,E02000034,0.536443398619
2016,E02000039,0.249450163931
2016,E02000038,0.602170623591
2016,E02000316,0.770288405179
2016,E02000317,-1.40769067377
2016,E02000314,0.602170623591
2016,E02000029,0.249450163931
2016,E02006791,0.689180343632
2016,E02006792,0.824633580216
2016,E02000315,0.437554422149
2016,E02006794,0.536443398619
2016,E02006795,-1.40769067377
2016,E02006796,-1.40769067377
2016,E02006798,0.790484465806
2016,E02000705,-1.40769067377
2016,E02000704,0.536443398619
2016,E02000259,-1.40769067377
2016,E02000258,0.437554422149
2016,E02000257,0.808460045402
2016,E02000047,0.536443398619
2016,E02000256,0.437554422149
2016,E02000107,0.790484465806
2016,E02000106,-1.40769067377
2016,E02000105,-1.40769067377
2016,E02000104,0.437554422149
2016,E02000103,0.437554422149
2016,E02000102,-1.40769067377
2016,E02000101,0.536443398619
2016,E02000100,-1.40769067377
2016,E02000536,-1.40769067377
2016,E02000537,-1.40769067377
2016,E02000534,0.437554422149
2016,E02000535,0.249450163931
2016,E02000532,0.839317308443
2016,E02000533,0.720672718749
2016,E02000109,0.437554422149
2016,E02000108,-1.40769067377
2016,E02000044,-1.40769067377
2016,E02000251,-1.40769067377
2016,E02000299,0.249450163931
2016,E02000250,0.249450163931
2016,E02000747,1.02810677463
2016,E02000699,0.437554422149
2016,E02000698,0.437554422149
2016,E02000697,0.770288405179
2016,E02000696,-1.40769067377
2016,E02000695,0.536443398619
2016,E02000694,0.650829567509
2016,E02000693,0.747293946928
2016,E02000692,0.839317308443
2016,E02000691,0.689180343632
2016,E02000690,0.602170623591
2016,E02006800,-1.40769067377
2016,E02006801,1.05604876959
2016,E02006802,1.05604876959
2016,E02000309,-1.40769067377
2016,E02000631,0.852750115728
2016,E02000219,-1.40769067377
2016,E02000218,-1.40769067377
2016,E02000749,0.770288405179
2016,E02000748,0.650829567509
2016,E02000630,0.876571403369
2016,E02000213,0.437554422149
2016,E02000212,-1.40769067377
2016,E02000211,-1.40769067377
2016,E02000746,0.602170623591
2016,E02000741,0.249450163931
2016,E02000740,0.650829567509
2016,E02000743,0.602170623591
2016,E02000742,0.249450163931
2016,E02000190,1.08178940658
2016,E02000191,1.14119673925
2016,E02000192,1.09179476792
2016,E02000588,1.07096003774
2016,E02000626,0.824633580216
2016,E02000627,0.931495159897
2016,E02000624,0.915326188749
2016,E02000625,0.824633580216
2016,E02000583,0.997882367663
2016,E02000582,1.13787770473
2016,E02000628,0.931495159897
2016,E02000629,0.952835761624
2016,E02000587,1.01164999067
2016,E02000586,1.05285604567
2016,E02000585,1.0591672471
2016,E02000584,1.04279686991
2016,E02000965,0.997882367663
2016,E02000964,1.02012394843
2016,E02000967,1.0591672471
2016,E02000966,0.923631211444
2016,E02000961,0.906530906729
2016,E02000189,0.987888771894
2016,E02000963,0.94606321751
2016,E02000962,0.906530906729
2016,E02000842,-1.40769067377
2016,E02000843,-1.40769067377
2016,E02000840,-1.40769067377
2016,E02000188,0.977133349582
2016,E02000969,0.931495159897
2016,E02000968,1.0462338957
2016,E02000844,-1.40769067377
2016,E02000845,-1.40769067377
2016,E02000639,0.770288405179
2016,E02000760,-1.40769067377
2016,E02000638,0.808460045402
2016,E02000040,-1.40769067377
2016,E02000416,0.770288405179
2016,E02000447,-1.40769067377
2016,E02000444,-1.40769067377
2016,E02000445,0.249450163931
2016,E02000442,-1.40769067377
2016,E02000443,0.720672718749
2016,E02000440,0.536443398619
2016,E02000441,0.249450163931
2016,E02000367,1.10331068426
2016,E02000366,0.906530906729
2016,E02000365,1.11388538233
2016,E02000364,1.06221469096
2016,E02000363,0.808460045402
2016,E02000362,0.808460045402
2016,E02000448,-1.40769067377
2016,E02000449,-1.40769067377
2016,E02000910,0.602170623591
2016,E02000603,-1.40769067377
2016,E02000911,0.824633580216
2016,E02000046,0.602170623591
2016,E02000851,0.249450163931
2016,E02000850,-1.40769067377
2016,E02000121,-1.40769067377
2016,E02000120,0.959305840991
2016,E02000123,0.824633580216
2016,E02000068,-1.40769067377
2016,E02000069,-1.40769067377
2016,E02000141,0.249450163931
2016,E02000140,-1.40769067377
2016,E02000147,-1.40769067377
2016,E02000146,0.249450163931
2016,E02000145,-1.40769067377
2016,E02000144,0.249450163931
2016,E02000060,0.536443398619
2016,E02000061,0.824633580216
2016,E02000149,-1.40769067377
2016,E02000063,0.437554422149
2016,E02000064,0.249450163931
2016,E02000065,0.249450163931
2016,E02000066,-1.40769067377
2016,E02000067,0.437554422149
2016,E02000118,-1.40769067377
2016,E02000127,-1.40769067377
2016,E02000119,0.720672718749
2016,E02000126,0.720672718749
2016,E02000125,0.952835761624
2016,E02000706,0.249450163931
2016,E02000128,-1.40769067377
2016,E02000552,-1.40769067377
2016,E02000789,0.790484465806
2016,E02000553,0.249450163931
2016,E02000788,0.689180343632
2016,E02000398,-1.40769067377
2016,E02000396,0.865118653292
2016,E02000397,0.249450163931
2016,E02000394,1.02417334921
2016,E02000395,0.790484465806
2016,E02000392,0.977133349582
2016,E02000220,0.790484465806
2016,E02000390,0.906530906729
2016,E02000391,0.959305840991
2016,E02000113,0.249450163931
2016,E02000668,0.602170623591
2016,E02000669,0.808460045402
2016,E02000666,0.689180343632
2016,E02000667,-1.40769067377
2016,E02000664,0.839317308443
2016,E02000665,0.536443398619
2016,E02000662,0.790484465806
2016,E02000663,0.720672718749
2016,E02000660,0.808460045402
2016,E02000661,0.602170623591
2016,E02000095,-1.40769067377
2016,E02000094,-1.40769067377
2016,E02000097,-1.40769067377
2016,E02000096,-1.40769067377
2016,E02000091,-1.40769067377
2016,E02000090,-1.40769067377
2016,E02000093,-1.40769067377
2016,E02000092,-1.40769067377
2016,E02000221,-1.40769067377
2016,E02000099,-1.40769067377
2016,E02000098,-1.40769067377
2016,E02000549,0.249450163931
2016,E02000548,0.249450163931
2016,E02000806,0.437554422149
2016,E02000051,0.437554422149
2016,E02000804,0.689180343632
2016,E02000805,0.689180343632
2016,E02000802,0.249450163931
2016,E02000803,0.249450163931
2016,E02000800,0.437554422149
2016,E02000050,0.536443398619
2016,E02000053,0.808460045402
2016,E02000808,1.09882601723
2016,E02000809,1.11983638388
2016,E02006930,0.824633580216
2016,E02006931,0.876571403369
2016,E02000052,0.790484465806
2016,E02000955,0.536443398619
2016,E02000055,0.602170623591
2016,E02000956,0.536443398619
2016,E02000054,0.536443398619
2016,E02000482,-1.40769067377
2016,E02000483,-1.40769067377
2016,E02000329,-1.40769067377
2016,E02000957,0.839317308443
2016,E02000486,-1.40769067377
2016,E02000487,-1.40769067377
2016,E02000484,-1.40769067377
2016,E02000142,0.437554422149
2016,E02000895,-1.40769067377
2016,E02000894,0.720672718749
2016,E02000897,-1.40769067377
2016,E02000896,-1.40769067377
2016,E02000327,0.249450163931
2016,E02000326,0.602170623591
2016,E02000893,0.650829567509
2016,E02000324,-1.40769067377
2016,E02000240,0.249450163931
2016,E02000241,-1.40769067377
2016,E02000242,0.249450163931
2016,E02000243,0.249450163931
2016,E02000244,-1.40769067377
2016,E02000404,0.249450163931
2016,E02000246,0.249450163931
2016,E02000247,-1.40769067377
2016,E02000248,0.720672718749
2016,E02000249,-1.40769067377
2016,E02000718,-1.40769067377
2016,E02000405,0.650829567509
2016,E02000545,0.249450163931
2016,E02000938,0.689180343632
2016,E02000939,0.747293946928
2016,E02000335,-1.40769067377
2016,E02000932,0.992974341588
2016,E02000933,0.808460045402
2016,E02000930,0.938960302435
2016,E02000931,0.897187690461
2016,E02000936,0.720672718749
2016,E02000937,0.747293946928
2016,E02000934,0.906530906729
2016,E02000935,-1.40769067377
2016,E02000714,-1.40769067377
2016,E02000062,0.249450163931
2016,E02000711,-1.40769067377
2016,E02000148,0.249450163931
2016,E02000650,0.536443398619
2016,E02000457,0.536443398619
2016,E02000489,-1.40769067377
2016,E02000456,0.249450163931
2016,E02000439,0.249450163931
2016,E02000438,-1.40769067377
2016,E02000437,0.249450163931
2016,E02000436,-1.40769067377
2016,E02000435,-1.40769067377
2016,E02000434,-1.40769067377
2016,E02000433,0.249450163931
2016,E02000432,0.808460045402
2016,E02000431,0.790484465806
2016,E02000430,0.808460045402
2016,E02000337,0.249450163931
2016,E02000981,1.11388538233
2016,E02000980,1.01595190933
2016,E02000024,-1.40769067377
2016,E02000352,0.852750115728
2016,E02000026,0.249450163931
2016,E02000027,0.249450163931
2016,E02000020,0.437554422149
2016,E02000021,-1.40769067377
2016,E02000022,0.249450163931
2016,E02000353,0.915326188749
2016,E02000542,-1.40769067377
2016,E02000717,0.249450163931
2016,E02000028,-1.40769067377
2016,E02000350,0.887228332557
2016,E02000827,0.876571403369
2016,E02000540,-1.40769067377
2016,E02000459,0.437554422149
2016,E02000821,0.720672718749
2016,E02000822,0.720672718749
2016,E02000371,1.24788789987
2016,E02000823,0.959305840991
2016,E02000331,0.650829567509
2016,E02000467,-1.40769067377
2016,E02000005,-1.40769067377
2016,E02000228,-1.40769067377
2016,E02000293,-1.40769067377
2016,E02000292,0.437554422149
2016,E02000291,-1.40769067377
2016,E02000290,-1.40769067377
2016,E02000297,0.249450163931
2016,E02000296,0.437554422149
2016,E02000295,-1.40769067377
2016,E02000294,-1.40769067377
2016,E02000110,0.876571403369
2016,E02000111,0.437554422149
2016,E02000112,0.437554422149
2016,E02000298,-1.40769067377
2016,E02000114,0.959305840991
2016,E02000115,0.876571403369
2016,E02000116,0.536443398619
2016,E02000117,0.602170623591
2016,E02000503,-1.40769067377
2016,E02000502,-1.40769067377
2016,E02000501,-1.40769067377
2016,E02000500,0.249450163931
2016,E02000507,0.249450163931
2016,E02000506,-1.40769067377
2016,E02000057,0.249450163931
2016,E02000504,-1.40769067377
2016,E02000059,0.650829567509
2016,E02000058,0.720672718749
2016,E02000509,0.437554422149
2016,E02000229,-1.40769067377
2016,E02000307,-1.40769067377
2016,E02000306,-1.40769067377
2016,E02000680,0.650829567509
2016,E02000681,0.437554422149
2016,E02000682,-1.40769067377
2016,E02000683,0.249450163931
2016,E02000685,0.249450163931
2016,E02000686,-1.40769067377
2016,E02000687,0.602170623591
2016,E02000689,0.689180343632
2016,E02000302,-1.40769067377
2016,E02000008,-1.40769067377
2016,E02000417,0.790484465806
2016,E02000836,0.824633580216
2016,E02000208,-1.40769067377
2016,E02000209,-1.40769067377
2016,E02000758,-1.40769067377
2016,E02000759,0.437554422149
2016,E02000204,0.249450163931
2016,E02000757,0.536443398619
2016,E02000206,-1.40769067377
2016,E02000207,-1.40769067377
2016,E02000200,0.437554422149
2016,E02000201,0.249450163931
2016,E02000750,0.94606321751
2016,E02000751,-1.40769067377
2016,E02000617,0.249450163931
2016,E02000616,-1.40769067377
2016,E02000615,-1.40769067377
2016,E02000614,-1.40769067377
2016,E02000598,0.249450163931
2016,E02000599,0.249450163931
2016,E02000611,-1.40769067377
2016,E02000610,0.437554422149
2016,E02000594,1.01164999067
2016,E02000595,1.01164999067
2016,E02000596,1.07096003774
2016,E02000597,0.971434088761
2016,E02000590,1.11183874924
2016,E02000056,0.437554422149
2016,E02000619,0.987888771894
2016,E02000593,1.08688755294
2016,E02000976,1.18493362461
2016,E02000977,1.25383048449
2016,E02000360,1.00262423964
2016,E02000975,1.19380403632
2016,E02000972,1.28663302247
2016,E02000973,1.16225169091
2016,E02000879,0.906530906729
2016,E02000878,1.14443046606
2016,E02000877,0.602170623591
2016,E02000876,0.997882367663
2016,E02000875,0.824633580216
2016,E02000874,0.906530906729
2016,E02000873,0.906530906729
2016,E02000872,1.1649884602
2016,E02000871,0.824633580216
2016,E02000870,0.923631211444
2016,E02000332,0.437554422149
2016,E02000623,0.839317308443
2016,E02000333,0.602170623591
2016,E02000641,0.650829567509
2016,E02000235,0.249450163931
2016,E02000479,-1.40769067377
2016,E02000478,-1.40769067377
2016,E02000234,-1.40769067377
2016,E02000473,-1.40769067377
2016,E02000472,-1.40769067377
2016,E02000471,-1.40769067377
2016,E02000470,-1.40769067377
2016,E02000477,-1.40769067377
2016,E02000476,0.437554422149
2016,E02000475,-1.40769067377
2016,E02000474,0.249450163931
2016,E02000279,-1.40769067377
2016,E02000278,-1.40769067377
2016,E02000372,0.865118653292
2016,E02000373,0.720672718749
2016,E02000374,0.790484465806
2016,E02000375,0.887228332557
2016,E02000376,1.01164999067
2016,E02000377,0.852750115728
2016,E02000271,0.720672718749
2016,E02000270,0.536443398619
2016,E02000272,-1.40769067377
2016,E02000275,0.249450163931
2016,E02000274,0.249450163931
2016,E02000277,-1.40769067377
2016,E02000276,0.437554422149
2016,E02000233,-1.40769067377
2016,E02000232,-1.40769067377
2016,E02000602,0.689180343632
2016,E02000621,1.02810677463
2016,E02006799,-1.40769067377
2016,E02000011,-1.40769067377
2016,E02000756,-1.40769067377
2016,E02000421,0.689180343632
2016,E02000754,-1.40769067377
2016,E02000529,-1.40769067377
2016,E02000755,-1.40769067377
2016,E02000752,-1.40769067377
2016,E02000780,-1.40769067377
2016,E02000753,-1.40769067377
2016,E02000154,0.249450163931
2016,E02000155,-1.40769067377
2016,E02000156,0.249450163931
2016,E02000157,-1.40769067377
2016,E02000019,-1.40769067377
2016,E02000018,-1.40769067377
2016,E02000152,-1.40769067377
2016,E02000153,0.249450163931
2016,E02000015,-1.40769067377
2016,E02000014,-1.40769067377
2016,E02000017,-1.40769067377
2016,E02000203,0.249450163931
2016,E02000158,-1.40769067377
2016,E02000159,-1.40769067377
2016,E02000013,-1.40769067377
2016,E02000012,-1.40769067377
2016,E02000308,0.249450163931
2016,E02000393,0.897187690461
2016,E02000236,-1.40769067377
2016,E02000589,1.15216767671
2016,E02000613,0.249450163931
2016,E02000612,0.249450163931
2016,E02000231,0.536443398619
2016,E02000202,-1.40769067377
2016,E02000762,0.249450163931
2016,E02000558,0.720672718749
2016,E02000559,0.959305840991
2016,E02000651,0.602170623591
2016,E02000122,0.808460045402
2016,E02000657,0.865118653292
2016,E02000124,0.971434088761
2016,E02000655,0.602170623591
2016,E02000654,0.790484465806
2016,E02000550,0.249450163931
2016,E02000551,-1.40769067377
2016,E02000659,0.536443398619
2016,E02000658,0.865118653292
2016,E02000554,0.689180343632
2016,E02000555,0.720672718749
2016,E02000556,0.897187690461
2016,E02000591,1.05285604567
2016,E02000086,-1.40769067377
2016,E02000087,-1.40769067377
2016,E02000084,-1.40769067377
2016,E02000085,-1.40769067377
2016,E02000082,-1.40769067377
2016,E02000592,1.04279686991
2016,E02000080,-1.40769067377
2016,E02000081,-1.40769067377
2016,E02006882,-1.40769067377
2016,E02000544,0.437554422149
2016,E02000088,0.249450163931
2016,E02000089,-1.40769067377
2016,E02000974,1.09418094025
2016,E02000488,-1.40769067377
2016,E02000547,-1.40769067377
2016,E02000339,-1.40769067377
2016,E02000888,0.959305840991
2016,E02000546,0.249450163931
2016,E02000334,0.249450163931
2016,E02000887,0.808460045402
2016,E02000884,1.15658990102
2016,E02000885,0.952835761624
2016,E02000882,0.915326188749
2016,E02000883,-1.40769067377
2016,E02000880,0.977133349582
2016,E02000881,0.650829567509
2016,E02000727,-1.40769067377
2016,E02000726,0.938960302435
2016,E02000725,0.770288405179
2016,E02000724,0.437554422149
2016,E02000723,-1.40769067377
2016,E02000722,0.536443398619
2016,E02000721,-1.40769067377
2016,E02000720,0.437554422149
2016,E02000543,0.536443398619
2016,E02000239,-1.40769067377
2016,E02000238,-1.40769067377
2016,E02000729,0.249450163931
2016,E02000728,-1.40769067377
2016,E02000541,-1.40769067377
2016,E02000909,0.536443398619
2016,E02000908,0.689180343632
2016,E02000907,0.650829567509
2016,E02000906,0.650829567509
2016,E02000905,0.602170623591
2016,E02000904,-1.40769067377
2016,E02000903,0.437554422149
2016,E02000902,-1.40769067377
2016,E02000901,0.249450163931
2016,E02000900,-1.40769067377
2016,E02000411,0.602170623591
2016,E02000978,0.982613083897
2016,E02000410,0.437554422149
2016,E02000979,1.05285604567
2016,E02000941,0.747293946928
2016,E02000856,-1.40769067377
2016,E02000412,0.437554422149
2016,E02000538,0.536443398619
2016,E02000415,0.437554422149
2016,E02000848,-1.40769067377
2016,E02000414,0.720672718749
2016,E02000420,0.839317308443
2016,E02000083,-1.40769067377
2016,E02000422,-1.40769067377
2016,E02000423,0.720672718749
2016,E02000424,0.720672718749
2016,E02000425,0.437554422149
2016,E02000426,0.536443398619
2016,E02000427,0.865118653292
2016,E02000833,0.602170623591
2016,E02000832,0.747293946928
2016,E02000831,0.897187690461
2016,E02000830,0.906530906729
2016,E02000345,0.602170623591
2016,E02000344,-1.40769067377
2016,E02000347,0.747293946928
2016,E02000346,0.689180343632
2016,E02000807,0.824633580216
2016,E02000513,-1.40769067377
2016,E02000530,-1.40769067377
2016,E02000531,0.536443398619
2016,E02000304,0.249450163931
2016,E02000970,1.07648568691
2016,E02000348,0.536443398619
2016,E02000801,0.249450163931
2016,E02000839,0.437554422149
2016,E02000838,0.790484465806
2016,E02000653,0.747293946928
2016,E02000971,1.11589990884
2016,E02000370,1.03193036878
2016,E02000341,-1.40769067377
2016,E02000959,0.437554422149
2016,E02000284,-1.40769067377
2016,E02000428,0.536443398619
2016,E02000286,-1.40769067377
2016,E02000287,0.437554422149
2016,E02000280,-1.40769067377
2016,E02000281,-1.40769067377
2016,E02000282,-1.40769067377
2016,E02000429,0.897187690461
2016,E02000165,-1.40769067377
2016,E02000167,0.938960302435
2016,E02000166,0.808460045402
2016,E02000288,-1.40769067377
2016,E02000160,-1.40769067377
2016,E02000163,0.249450163931
2016,E02000162,-1.40769067377
2016,E02000514,-1.40769067377
2016,E02000515,0.536443398619
2016,E02000516,0.437554422149
2016,E02000517,-1.40769067377
2016,E02000510,-1.40769067377
2016,E02000511,-1.40769067377
2016,E02000512,-1.40769067377
2016,E02000340,0.536443398619
2016,E02000837,0.720672718749
2016,E02000048,-1.40769067377
2016,E02000049,0.249450163931
2016,E02000518,-1.40769067377
2016,E02000519,0.437554422149
2016,E02000267,0.249450163931
2016,E02000835,0.689180343632
2016,E02000834,0.747293946928
2016,E02000343,-1.40769067377
2016,E02006793,-1.40769067377
2016,E02000652,-1.40769067377
2016,E02000078,-1.40769067377
2016,E02000763,-1.40769067377
2016,E02000609,-1.40769067377
2016,E02000342,-1.40769067377
2016,E02000767,-1.40769067377
2016,E02000954,0.249450163931
2016,E02000765,0.437554422149
2016,E02000764,0.437554422149
2016,E02000600,0.437554422149
2016,E02000601,0.650829567509
2016,E02000769,0.249450163931
2016,E02000768,-1.40769067377
2016,E02000604,0.650829567509
2016,E02000605,-1.40769067377
2016,E02000606,0.790484465806
2016,E02000607,0.437554422149
2016,E02000561,0.923631211444
2016,E02000560,0.897187690461
2016,E02000563,0.852750115728
2016,E02000562,0.94606321751
2016,E02000565,1.01595190933
2016,E02000564,1.02012394843
2016,E02000567,1.03193036878
2016,E02000566,1.03564980886
2016,E02000569,1.00721030485
2016,E02000568,0.965498032639
2016,E02006836,-1.40769067377
2016,E02000860,-1.40769067377
2016,E02000861,-1.40769067377
2016,E02000863,0.249450163931
2016,E02000864,0.824633580216
2016,E02000865,0.915326188749
2016,E02000866,0.94606321751
2016,E02000867,0.977133349582
2016,E02000868,1.05604876959
2016,E02000869,1.08936417215
2016,E02000783,-1.40769067377
2016,E02000782,-1.40769067377
2016,E02000785,0.824633580216
2016,E02000784,0.689180343632
2016,E02000787,0.824633580216
2016,E02000786,0.770288405179
2016,E02000378,0.938960302435
2016,E02006918,0.906530906729
2016,E02000328,0.808460045402
2016,E02000379,0.790484465806
2016,E02000899,0.437554422149
2016,E02000898,-1.40769067377
2016,E02000983,0.987888771894
2016,E02000468,0.249450163931
2016,E02000469,-1.40769067377
2016,E02000464,-1.40769067377
2016,E02000465,0.249450163931
2016,E02000466,-1.40769067377
2016,E02000485,-1.40769067377
2016,E02000460,-1.40769067377
2016,E02000461,0.437554422149
2016,E02000462,0.249450163931
2016,E02000463,-1.40769067377
2016,E02000305,0.602170623591
2016,E02000323,0.536443398619
2016,E02000268,0.689180343632
2016,E02000269,0.720672718749
2016,E02000301,-1.40769067377
2016,E02000300,0.249450163931
2016,E02000303,0.249450163931
2016,E02000781,0.249450163931
2016,E02000262,0.536443398619
2016,E02000263,-1.40769067377
2016,E02000260,-1.40769067377
2016,E02000261,0.790484465806
2016,E02000266,-1.40769067377
2016,E02000321,0.602170623591
2016,E02000264,0.650829567509
2016,E02000265,0.650829567509
2016,E02000481,-1.40769067377
2016,E02000982,0.987888771894
2016,E02000320,-1.40769067377
2016,E02000891,1.03564980886
2016,E02000890,0.938960302435
2016,E02000950,0.650829567509
2016,E02000712,-1.40769067377
2016,E02000633,0.977133349582
2016,E02000713,0.249450163931
2016,E02000710,-1.40769067377
2016,E02000419,0.720672718749
2016,E02000418,0.437554422149
2016,E02000949,0.790484465806
2016,E02000948,0.897187690461
2016,E02000943,0.790484465806
2016,E02000716,0.437554422149
2016,E02000413,0.437554422149
2016,E02000951,0.790484465806
2016,E02000947,0.839317308443
2016,E02000946,0.747293946928
2016,E02000945,0.249450163931
2016,E02000944,0.536443398619
2016,E02000632,0.952835761624
2016,E02000942,0.770288405179
2016,E02000889,0.992974341588
2016,E02000715,0.437554422149
2016,E02000620,1.06221469096
2016,E02000009,-1.40769067377
2016,E02000007,-1.40769067377
2016,E02000004,-1.40769067377
2016,E02006854,1.02012394843
2016,E02000002,-1.40769067377
2016,E02000003,0.249450163931
2016,E02000001,1.17028653812
2016,E02000635,0.931495159897
2016,E02000719,0.720672718749
2016,E02000886,0.887228332557
2016,E02000622,0.923631211444
2016,E02000237,-1.40769067377
2016,E02000745,0.437554422149
2016,E02000508,-1.40769067377
2016,E02006789,0.437554422149
2016,E02006788,0.437554422149
2016,E02006787,0.249450163931
2016,E02006786,-1.40769067377
2016,E02006785,-1.40769067377
2016,E02006784,-1.40769067377
2016,E02006783,-1.40769067377
2016,E02006782,-1.40769067377
2016,E02000634,0.865118653292
